Date,Close,High,Low,Open,Volume
2016-03-31,2100.871826171875,2104.8208333639272,2081.126790211613,2096.9228189798228,107951000
2016-04-01,2100.871826171875,2104.8208333639272,2085.0757974036655,2100.871826171875,73802500
2016-04-04,2104.821044921875,2120.6170752777616,2100.8720373329033,2120.6170752777616,49630500
2016-04-05,2104.821044921875,2124.5660828667333,2100.8720373329033,2104.821044921875,83700500
2016-04-06,2061.381591796875,2120.616695009429,2061.381591796875,2100.8716606052444,89264000
2016-04-07,2069.27978515625,2092.973828497734,2069.27978515625,2085.0758140505723,101318500
2016-04-08,2065.3310546875,2085.0760934512427,2065.3310546875,2069.2800624402485,70473500
2016-04-11,2065.3310546875,2065.3310546875,2065.3310546875,2065.3310546875,0
2016-04-12,2061.381591796875,2073.228612439386,2049.534571154364,2053.4835780352014,56727000
2016-04-13,2061.381591796875,2061.381591796875,2061.381591796875,2061.381591796875,0
2016-04-14,2061.381591796875,2061.381591796875,2061.381591796875,2061.381591796875,0
2016-04-15,2078.10205078125,2078.10205078125,2078.10205078125,2078.10205078125,0
2016-04-18,2078.10205078125,2078.10205078125,2078.10205078125,2078.10205078125,0
2016-04-19,2078.10205078125,2078.10205078125,2078.10205078125,2078.10205078125,0
2016-04-20,2086.06396484375,2094.0260410454434,2070.1398124403627,2074.120850541209,69313000
2016-04-21,2086.06396484375,2090.045002944597,2070.1398124403627,2086.06396484375,62586000
2016-04-22,2090.045166015625,2094.0262044270835,2078.10205078125,2086.064127604167,39264000
2016-04-25,2086.06396484375,2090.045002944597,2058.196698137822,2086.06396484375,62079000
2016-04-26,2062.178466796875,2078.1026248416388,2034.311190218539,2078.1026248416388,129737500
2016-04-27,2078.10205078125,2078.10205078125,2058.1968587239585,2062.177897135417,64185500
2016-04-28,2074.12060546875,2098.0068312514995,2070.139567838292,2090.044755990583,68854000
2016-04-29,2078.10205078125,2090.045166015625,2070.1399739583335,2074.121012369792,61001500
2016-05-02,2086.06396484375,2090.045002944597,2066.1587743395157,2086.06396484375,26048000
2016-05-03,2078.10205078125,2098.007242838542,2074.121012369792,2090.045166015625,82224500
2016-05-04,2086.06396484375,2086.06396484375,2074.120850541209,2078.101888642056,75545000
2016-05-09,2090.045166015625,2101.98828125,2078.10205078125,2086.064127604167,91446000
2016-05-10,2098.00732421875,2117.91251704815,2078.1021313893502,2078.1021313893502,158328000
2016-05-11,2094.0263671875,2117.9125995128325,2086.0642897457224,2094.0263671875,91480000
2016-05-12,2094.0263671875,2101.9884446292776,2086.0642897457224,2086.0642897457224,43259500
2016-05-13,2094.0263671875,2101.9884446292776,2070.140134862167,2070.140134862167,75686000
2016-05-16,2074.12060546875,2086.0637183601248,2062.1774925773752,2086.0637183601248,84077000
2016-05-17,2070.139892578125,2078.1019690880407,2054.215739558293,2074.120930833083,64829000
2016-05-18,2074.12060546875,2078.101643099208,2054.2154173164586,2054.2154173164586,66771000
2016-05-19,2066.158935546875,2074.121012369792,2062.177897135417,2070.1399739583335,105881500
2016-05-20,2074.12060546875,2074.12060546875,2062.1774925773752,2062.1774925773752,68004000
2016-05-23,2086.06396484375,2086.06396484375,2058.196698137822,2070.1398124403627,31748500
2016-05-24,2066.158935546875,2082.0830891927085,2066.158935546875,2078.10205078125,69157000
2016-05-25,2070.139892578125,2074.120930833083,2050.2347013033354,2070.139892578125,84150500
2016-05-26,2074.12060546875,2082.0826807296667,2054.2154173164586,2082.0826807296667,42055000
2016-05-27,2070.139892578125,2074.120930833083,2054.215739558293,2070.139892578125,80811500
2016-05-30,2101.988525390625,2117.9126808860087,2066.159175526012,2074.121253273704,99330000
2016-05-31,2070.139892578125,2117.9123516376203,2070.139892578125,2117.9123516376203,160724000
2016-06-01,2098.00732421875,2098.00732421875,2078.1021313893502,2086.0642085211102,82418000
2016-06-02,2094.0263671875,2101.9884446292776,2082.0832510248338,2086.0642897457224,88747000
2016-06-03,2090.045166015625,2094.0262044270835,2074.121012369792,2078.10205078125,53839500
2016-06-06,2090.045166015625,2101.98828125,2082.0830891927085,2090.045166015625,105900000
2016-06-07,2086.06396484375,2094.0260410454434,2082.082926742903,2094.0260410454434,87665500
2016-06-08,2086.06396484375,2090.045002944597,2070.1398124403627,2082.082926742903,89579500
2016-06-09,2070.139892578125,2078.1019690880407,2062.1778160682093,2074.120930833083,67474500
2016-06-10,2058.19677734375,2070.1398921058994,2054.2157390897005,2066.15885385185,77928000
2016-06-13,2034.3106689453125,2062.17793838292,2030.329630454226,2046.2537844185729,75798500
2016-06-14,2046.2537841796875,2046.2537841796877,2018.386514745334,2022.367553235956,78620500
2016-06-15,2058.19677734375,2062.1778155978,2038.291586073501,2046.2536625816008,35512500
2016-06-16,2070.139892578125,2074.120930833083,2058.196777813251,2062.1778160682093,49661000
2016-06-17,2054.216064453125,2074.1212588761205,2046.253986683927,2070.1402199915215,60702000
2016-06-20,2042.2725830078125,2062.1777738753353,2026.3484303137946,2054.215697528326,46267000
2016-06-21,2042.2725830078125,2054.215697528326,2026.3484303137946,2042.2725830078127,89712000
2016-06-22,2054.216064453125,2082.0833366453185,2042.2729477993278,2042.2729477993278,60166000
2016-06-23,2062.178466796875,2074.121585330448,2046.2543087521117,2054.2163877744933,30252000
2016-06-24,2034.3106689453125,2062.17793838292,2010.4244379987924,2050.2348229096597,86883500
2016-06-27,2038.291748046875,2042.2727866172793,2014.4055166244507,2014.4055166244507,44316000
2016-06-28,2074.12060546875,2090.044755990583,2042.272304425084,2042.272304425084,121856000
2016-06-29,2117.912353515625,2117.912353515625,2094.026123964697,2094.026123964697,200147000
2016-06-30,2121.893798828125,2141.798993939083,2113.9317207837416,2133.8369158947,186770500
2016-07-01,2105.969482421875,2145.779869613215,2101.988443702741,2129.8557147366787,126695500
2016-07-11,2149.7607421875,2165.6848958333335,2109.950358072917,2125.87451171875,197073000
2016-07-12,2189.5712890625,2209.4764825994316,2157.7229794034088,2165.6850568181817,190642000
2016-07-13,2197.533203125,2201.5142415364585,2189.5711263020835,2197.533203125,138530500
2016-07-14,2205.49560546875,2221.4197614649142,2201.514566469709,2213.457683466832,148394000
2016-07-15,2229.382080078125,2233.363119506836,2201.5148040771483,2201.5148040771483,195893000
2016-07-18,2221.419677734375,2229.3817554323477,2201.5144834894436,2213.4576000364023,116023000
2016-07-19,2277.154052734375,2281.135091288106,2229.381590089598,2229.381590089598,195665500
2016-07-20,2301.040283203125,2305.0213217553796,2281.1350904418523,2285.116128994107,142149000
2016-07-21,2316.964599609375,2336.8697937640945,2309.002521947487,2312.983560778431,202871500
2016-07-22,2312.983154296875,2324.926268690835,2269.191734852356,2309.0021161655554,111507000
2016-07-25,2309.001953125,2320.9450666756466,2289.0967638739226,2312.9829909752157,111434500
2016-07-26,2285.115966796875,2312.983234684642,2261.2297371787895,2312.983234684642,138118000
2016-07-27,2316.964599609375,2332.8887549331507,2293.078366623711,2297.059405454655,208198500
2016-07-28,2297.05908203125,2309.0021968425044,2277.1538906791593,2309.0021968425044,94670000
2016-07-29,2301.040283203125,2328.907553068907,2301.040283203125,2309.0023603076343,115674000
2016-08-01,2368.717529296875,2384.641680754333,2289.096772009585,2289.096772009585,221091000
2016-08-02,2388.623291015625,2388.623291015625,2360.756019287109,2368.718096923828,158875000
2016-08-03,2384.6416015625,2396.5847147589734,2376.6795260981844,2388.622639294658,115363500
2016-08-04,2388.623291015625,2400.566407470703,2384.6422521972654,2388.623291015625,131859500
2016-08-05,2404.546875,2428.4331022350993,2388.6227235099336,2396.584799254967,175943500
2016-08-08,2404.546875,2436.3951779801323,2384.641685637417,2412.508950745033,79174000
2016-08-09,2388.623291015625,2404.5474462890625,2380.6612133789063,2404.5474462890625,96702000
2016-08-10,2380.6611328125,2388.623210179766,2364.736978077968,2388.623210179766,64883500
2016-08-11,2380.6611328125,2404.5473649142978,2372.699055445234,2404.5473649142978,107876500
2016-08-12,2388.623291015625,2424.452640380859,2380.6612133789063,2392.604329833984,131484500
2016-08-15,2396.5849609375,2424.452227925145,2388.6228846553154,2412.509113501869,104034500
2016-08-16,2408.528076171875,2420.4711905991735,2404.547038029442,2420.4711905991735,60200500
2016-08-18,2420.471923828125,2436.396081221731,2408.5288057829207,2408.5288057829207,186254500
2016-08-19,2436.395751953125,2460.2819848154104,2428.433674332363,2452.3199071946487,169403500
2016-08-22,2436.395751953125,2452.3199071946487,2432.414713142744,2452.3199071946487,110468500
2016-08-23,2432.41455078125,2468.2438976831017,2404.547280968699,2468.2438976831017,76704500
2016-08-24,2436.395751953125,2444.3578295738866,2432.414713142744,2436.395751953125,111416000
2016-08-25,2428.433349609375,2444.3575027215675,2384.6419285508455,2444.3575027215675,71705000
2016-08-26,2420.471923828125,2428.434002524928,2412.509845131322,2428.434002524928,48785500
2016-08-29,2392.604248046875,2424.4525575050698,2380.661132000052,2424.4525575050698,40904000
2016-08-30,2388.623291015625,2392.604329833984,2380.6612133789063,2392.604329833984,70749500
2016-08-31,2396.5849609375,2416.490151642961,2364.7366558087624,2364.7366558087624,169155000
2016-09-01,2388.623291015625,2400.566407470703,2364.737058105469,2364.737058105469,56229500
2016-09-02,2388.623291015625,2436.3957568359374,2384.6422521972654,2396.5853686523437,63478000
2016-09-05,2388.623291015625,2432.414718017578,2384.6422521972654,2432.414718017578,74444000
2016-09-06,2392.604248046875,2404.547364093698,2380.661132000052,2396.585286729149,70876500
2016-09-07,2420.471923828125,2436.396081221731,2404.547766434519,2436.396081221731,137103000
2016-09-08,2416.490234375,2436.395425761944,2412.5091960976115,2436.395425761944,88467500
2016-09-09,2396.5849609375,2416.490151642961,2384.6418465142233,2416.490151642961,86764000
2016-09-13,2392.604248046875,2404.547364093698,2364.7369772709544,2396.585286729149,108835000
2016-09-14,2384.6416015625,2388.622639294658,2356.7743374373954,2380.660563830342,92904000
2016-09-15,2404.546875,2436.3951779801323,2384.641685637417,2420.4710264900664,159713000
2016-09-16,2404.546875,2424.452064362583,2388.6227235099336,2404.546875,151477000
2016-09-19,2428.433349609375,2432.4143878874233,2404.547119941086,2428.433349609375,70684000
2016-09-20,2404.546875,2432.414140107616,2404.546875,2420.4710264900664,74726500
2016-09-21,2416.490234375,2424.452310929778,2400.566081265445,2404.5471195428336,93367000
2016-09-22,2444.357177734375,2484.1675552219053,2440.3761399856216,2444.357177734375,112772500
2016-09-23,2464.262451171875,2484.1676405997578,2448.338299629569,2464.262451171875,111259000
2016-09-26,2444.357177734375,2464.26236647814,2428.4330267393625,2464.26236647814,56087500
2016-09-27,2547.86474609375,2547.86474609375,2388.6231994628906,2404.547354125976,121486000
2016-09-28,2456.301025390625,2496.1114147810727,2452.3199864515805,2480.1872590248936,104262000
2016-09-29,2504.0732421875,2531.9405119733706,2468.2438953199526,2468.2438953199526,131983000
2016-09-30,2500.092041015625,2547.864500398089,2468.2437347606487,2543.883462116217,146694500
2016-10-03,2543.8837890625,2579.7131382042253,2539.902750268975,2539.902750268975,78715000
2016-10-04,2539.902587890625,2579.7129732807603,2531.940510812598,2579.7129732807603,81285000
2016-10-05,2516.0166015625,2547.8649129746836,2508.054523709454,2508.054523709454,63367500
2016-10-06,2512.03564453125,2555.8270741506535,2508.0546054749407,2547.864996038035,58324500
2016-10-07,2516.0166015625,2547.8649129746836,2508.054523709454,2547.8649129746836,46006500
2016-10-10,2500.092041015625,2535.921385552473,2492.129964451881,2500.092041015625,24959000
2016-10-11,2516.0166015625,2535.9217961951144,2504.0734847829312,2535.9217961951144,72176500
2016-10-12,2484.16796875,2523.9783528645835,2448.338623046875,2516.016276041667,78936000
2016-10-13,2460.281982421875,2496.111331680446,2444.3578271958436,2484.1682152609224,57745000
2016-10-14,2516.0166015625,2555.8269908277293,2448.33893981161,2464.2630955177015,107271500
2016-10-17,2531.940185546875,2535.9212235744644,2516.0160334365173,2516.0160334365173,114630500
2016-10-18,2555.8271484375,2559.808187609521,2539.902991749416,2547.865070093458,160526000
2016-10-19,2543.8837890625,2571.7510606171754,2519.99755630135,2543.8837890625,43748000
2016-10-20,2508.053955078125,2539.9022592695933,2508.053955078125,2523.9781071738594,38996000
2016-10-21,2516.0166015625,2523.9786794155457,2512.035562635977,2523.9786794155457,52681000
2016-10-24,2496.111328125,2527.9596385316986,2476.206134120813,2527.9596385316986,64539500
2016-10-25,2468.244140625,2500.0924521169354,2464.2631016885084,2488.1493353074598,105666000
2016-10-26,2468.244140625,2484.1682963709677,2464.2631016885084,2484.1682963709677,61653500
2016-10-27,2472.22509765625,2480.187175265449,2464.263020047051,2468.2440588516506,79667000
2016-10-28,2484.16796875,2484.16796875,2456.300699869792,2472.224853515625,72105000
2016-10-31,2472.22509765625,2484.1682140700486,2456.3009424378524,2468.2440588516506,65543500
2016-11-01,2460.281982421875,2492.1302928739383,2460.281982421875,2468.244060034891,77657500
2016-11-02,2464.262451171875,2472.224526943028,2440.376223858416,2460.2814132862986,101446000
2016-11-03,2456.301025390625,2468.2441422077595,2436.395830695401,2468.2441422077595,68455000
2016-11-04,2468.244140625,2468.244140625,2436.3958291330646,2444.3579070060487,62182500
2016-11-07,2452.319580078125,2472.2247714748632,2404.547120725954,2428.4333504020397,110497000
2016-11-08,2468.244140625,2484.1682963709677,2452.3199848790323,2452.3199848790323,106514500
2016-11-09,2436.395751953125,2480.187178867315,2428.433674332363,2468.244062436172,126875000
2016-11-10,2424.45263671875,2456.3009472175186,2424.45263671875,2436.3957531557885,69882500
2016-11-11,2336.869384765625,2388.6228805100086,2309.0021178263414,2388.6228805100086,222566500
2016-11-14,2289.096923828125,2293.0779619565214,2221.4192756453804,2293.0779619565214,156689000
2016-11-15,2316.964599609375,2368.718104411646,2245.305900652384,2277.1542112999355,135474500
2016-11-16,2344.831787109375,2376.6800966117094,2320.945554982624,2320.945554982624,129035500
2016-11-17,2348.812744140625,2364.736898338189,2340.8506670418433,2348.812744140625,120499000
2016-11-18,2344.831787109375,2348.8128257971666,2328.9076323582076,2340.850748421583,80701500
2016-11-21,2344.831787109375,2352.7938644849587,2328.9076323582076,2340.850748421583,87375000
2016-11-22,2332.888671875,2344.8317879426195,2309.002439739761,2309.002439739761,129317000
2016-11-23,2340.850830078125,2348.812907731452,2328.9077135981347,2332.888752424798,51143500
2016-11-24,2316.964599609375,2340.850832595039,2293.078366623711,2309.002521947487,83313000
2016-11-25,2312.983154296875,2316.964192428195,2301.0400399029154,2309.0021161655554,71262500
2016-11-28,2289.096923828125,2312.9831525985055,2281.134847571331,2301.0400382133153,75786000
2016-11-29,2285.115966796875,2297.059081605918,2249.2866223697465,2281.134928527194,101969000
2016-11-30,2277.154052734375,2293.0782069493007,2273.1730141806433,2285.116129841838,163078500
2016-12-01,2320.36083984375,2332.362706256735,2284.355240604795,2288.355862742457,107127500
2016-12-02,2348.36474609375,2420.375930812127,2332.362260600777,2344.364124720507,137411500
2016-12-05,2344.36474609375,2372.3691031289995,2320.3610114921075,2348.365368527357,64879000
2016-12-06,2348.36474609375,2360.3666102134794,2336.36288197402,2352.365367466993,59009500
2016-12-07,2344.36474609375,2356.3666133945712,2336.363501226536,2352.365990960964,69524500
2016-12-08,2352.365478515625,2380.3698294503347,2320.360506018814,2320.360506018814,121795500
2016-12-09,2352.365478515625,2368.3679647640306,2344.364235391422,2368.3679647640306,86596000
2016-12-13,2352.365478515625,2364.367343201929,2320.360506018814,2348.3648569535235,121360000
2016-12-14,2360.3671875,2400.373411016949,2352.36594279661,2352.36594279661,128356000
2016-12-15,2364.367919921875,2372.3691649977527,2352.3660523080584,2356.3666748459973,125417000
2016-12-16,2368.36767578125,2400.3726443728888,2344.3639493375213,2352.365191485431,105628500
2016-12-19,2356.366455078125,2372.368943737399,2320.360855594758,2320.360855594758,53658000
2016-12-20,2364.367919921875,2368.368542459814,2328.3623170804253,2328.3623170804253,37145000
2016-12-21,2348.36474609375,2368.367852959966,2340.3635033472638,2368.367852959966,97165000
2016-12-22,2328.362060546875,2332.3626826440345,2304.3583279639174,2320.360816352556,75773000
2016-12-23,2312.359619140625,2336.3633522112887,2284.355263891517,2304.358374783737,73656500
2016-12-27,2368.36767578125,2376.3689179291596,2260.35090678447,2288.3552543021538,41749000
2016-12-28,2356.366455078125,2404.373921055948,2356.366455078125,2384.370810231855,70098000
2016-12-29,2456.381591796875,2468.3834562519087,2356.366054671595,2368.3679191266287,122316500
2016-12-30,2480.385986328125,2488.3872314453124,2452.381628417969,2456.3822509765623,235500500
2017-01-02,2480.385986328125,2480.385986328125,2480.385986328125,2480.385986328125,0
2017-01-03,2524.392578125,2524.392578125,2436.378890773574,2480.385734449287,46748000
2017-01-04,2512.39013671875,2540.394485376443,2504.388894245123,2536.39386413963,85216500
2017-01-05,2508.390380859375,2524.3928713273776,2500.389135625374,2512.3910034763758,97909000
2017-01-06,2496.38818359375,2512.39067195012,2472.384451059195,2472.384451059195,36603000
2017-01-09,2456.381591796875,2496.387806646987,2424.3766199167853,2488.3865636769647,88087500
2017-01-10,2464.3828125,2480.3852982954545,2452.380948153409,2472.3840553977275,52004500
2017-01-11,2448.380615234375,2492.387456357869,2448.380615234375,2488.386834437551,43772500
2017-01-12,2452.38134765625,2472.3844581591557,2444.3801034550875,2448.380725555669,30781000
2017-01-13,2444.3798828125,2492.387343686068,2432.3780175941083,2432.3780175941083,69512500
2017-01-16,2428.377685546875,2440.3795521970246,2400.37333002986,2432.3783077635917,62039500
2017-01-17,2428.377685546875,2440.3795521970246,2424.3770633301588,2428.377685546875,22368500
2017-01-18,2448.380615234375,2448.380615234375,2424.3768837124694,2444.3799933140576,93410500
2017-01-19,2460.382080078125,2464.3827013465448,2440.3789737360266,2456.3814588097052,34360500
2017-01-20,2440.37939453125,2444.380016489498,2408.3744188652663,2440.37939453125,44242500
2017-01-23,2408.3740234375,2448.380236451412,2408.3740234375,2432.3777512458473,21962000
2017-01-24,2408.3740234375,2440.3789938486298,2408.3740234375,2432.3777512458473,36251000
2017-01-25,2392.3720703125,2444.3801587975545,2392.3720703125,2444.3801587975545,33161500
2017-01-26,2448.380615234375,2468.383724835963,2400.373152190564,2400.373152190564,53606000
2017-01-27,2464.3828125,2488.386541193182,2424.376598011364,2424.376598011364,37555500
2017-01-30,2472.38427734375,2492.387386383748,2452.381168303752,2492.387386383748,33673000
2017-01-31,2448.380615234375,2488.386834437551,2440.37937139374,2448.380615234375,36946500
2017-02-01,2468.3837890625,2480.3856551357376,2468.3837890625,2480.3856551357376,43359000
2017-02-02,2472.38427734375,2476.3848991517493,2444.379924687753,2452.381168303752,61584000
2017-02-03,2476.385009765625,2480.3856317523223,2468.3837657922304,2472.3843877789277,44754000
2017-02-06,2496.38818359375,2508.390049861028,2480.38569523738,2492.3875615046577,63275000
2017-02-07,2500.388916015625,2500.388916015625,2468.383937890625,2468.383937890625,47873500
2017-02-08,2496.38818359375,2504.389427771935,2484.386317326472,2500.3888056828428,73968000
2017-02-09,2500.388916015625,2504.38953828125,2496.3882937500002,2496.3882937500002,134806500
2017-02-10,2400.373291015625,2512.390711263021,2400.373291015625,2500.3888448079424,82921000
2017-02-13,2484.38623046875,2504.389340214875,2456.3818768241745,2480.385608519525,98775500
2017-02-14,2480.385986328125,2488.3872314453124,2460.3828735351562,2472.3847412109376,68492000
2017-02-15,2480.385986328125,2480.385986328125,2480.385986328125,2480.385986328125,0
2017-02-16,2480.385986328125,2496.3884765625,2460.3828735351562,2496.3884765625,109934500
2017-02-17,2476.385009765625,2492.387497712414,2456.3818998321385,2472.3843877789277,54111500
2017-02-20,2472.38427734375,2496.3880081917473,2464.383033727751,2496.3880081917473,49225000
2017-02-21,2480.385986328125,2484.386608886719,2464.38349609375,2464.38349609375,47016500
2017-02-22,2480.385986328125,2492.3878540039063,2464.38349609375,2464.38349609375,47767500
2017-02-23,2480.385986328125,2492.3878540039063,2464.38349609375,2464.38349609375,81655500
2017-02-24,2480.385986328125,2496.3884765625,2480.385986328125,2484.386608886719,33280500
2017-02-27,2480.385986328125,2484.386608886719,2464.38349609375,2480.385986328125,28618000
2017-02-28,2472.38427734375,2488.386764575748,2464.383033727751,2480.385520959749,110184500
2017-03-01,2480.385986328125,2484.386608886719,2464.38349609375,2464.38349609375,102209000
2017-03-02,2480.385986328125,2508.390344238281,2476.385363769531,2504.3897216796877,78309500
2017-03-03,2476.385009765625,2488.386875725717,2468.3837657922304,2472.3843877789277,88454000
2017-03-06,2476.385009765625,2476.385009765625,2456.3818998321385,2464.383143805533,44661500
2017-03-07,2472.38427734375,2480.385520959749,2464.383033727751,2464.383033727751,52582000
2017-03-08,2480.385986328125,2484.386608886719,2472.3847412109376,2480.385986328125,87391500
2017-03-09,2500.388916015625,2512.3907828125,2480.3858046875002,2500.388916015625,47322000
2017-03-10,2500.388916015625,2512.3907828125,2476.385182421875,2512.3907828125,34386000
2017-03-13,2488.38720703125,2504.3896971086215,2476.3853394732214,2496.3884520699357,24933000
2017-03-14,2508.390380859375,2544.3959844123806,2504.3897582423747,2512.3910034763758,62225000
2017-03-15,2504.388916015625,2524.392022373577,2484.385809657673,2524.392022373577,70286000
2017-03-16,2540.39453125,2560.3976377952754,2528.3926673228343,2544.395152559055,186021500
2017-03-17,2552.397216796875,2592.403442765478,2540.395349006294,2560.3984619905955,223808500
2017-03-20,2572.400146484375,2596.4038803551466,2552.3970349253987,2576.4007687961703,191276500
2017-03-21,2600.404296875,2604.4049188701924,2584.4018088942307,2596.4036748798076,133231500
2017-03-22,2612.406005859375,2616.4066276141366,2568.3991665569965,2568.3991665569965,178821000
2017-03-23,2656.413330078125,2680.4170649884695,2620.4077277126084,2624.4083501976656,195774000
2017-03-24,2648.41162109375,2688.4178389350454,2632.409133957232,2688.4178389350454,86403000
2017-03-27,2648.41162109375,2660.4134864461384,2640.4103775254907,2648.41162109375,74524000
2017-03-29,2672.41455078125,2692.4176537062594,2660.412689026244,2668.413930196248,112645500
2017-03-30,2692.418212890625,2700.419455722395,2672.4151058111997,2692.418212890625,96488000
2017-03-31,2648.41162109375,2720.4228132080816,2648.41162109375,2692.4184607191746,81642500
2017-04-03,2652.412109375,2712.421433116516,2652.412109375,2652.412109375,186889000
2017-04-04,2680.41650390625,2704.4202337919774,2664.414017315765,2680.41650390625,74096500
2017-04-05,2680.41650390625,2680.41650390625,2680.41650390625,2680.41650390625,0
2017-04-06,2772.43115234375,2780.4323966506586,2752.4280415764792,2752.4280415764792,117034500
2017-04-07,2776.43115234375,2796.4342586286475,2752.4274248018733,2796.4342586286475,133337000
2017-04-10,2776.43115234375,2840.4410924554213,2760.428667315832,2820.4379861705243,79805500
2017-04-11,2792.434326171875,2816.4380596346705,2760.429348221481,2800.4355706594733,88702000
2017-04-12,2824.439453125,2832.4406980347026,2788.4338510313387,2792.4344734861897,56825500
2017-04-13,2776.43115234375,2832.4398499414624,2752.4274248018733,2832.4398499414624,52786000
2017-04-17,2728.86767578125,2797.391679456702,2692.5902620707166,2797.391679456702,93984000
2017-04-18,2728.86767578125,2749.021794509324,2716.7752045444054,2736.92932327248,102219500
2017-04-19,2728.86767578125,2728.86767578125,2728.86767578125,2728.86767578125,0
2017-04-20,2793.361572265625,2845.762294400478,2761.1149740287924,2773.2074483676047,146846500
2017-04-21,2817.545654296875,2821.5764778366415,2744.9908305810754,2753.052477660609,86655500
2017-04-25,2805.453857421875,2845.762102499775,2789.330559390715,2845.762102499775,111180500
2017-04-26,2902.193603515625,2902.193603515625,2789.330518934462,2845.7620612250435,82166000
2017-04-27,2825.60791015625,2841.731207789096,2805.4537881151928,2805.4537881151928,68316500
2017-04-28,2861.885009765625,2865.9158337230415,2825.607594148878,2825.607594148878,68971000
2017-05-02,2886.0703125,2894.1319614175977,2861.885365747207,2861.885365747207,138473000
2017-05-03,2861.885009765625,2878.0083055952905,2861.885009765625,2869.946657680458,43521500
2017-05-04,2873.977783203125,2902.193553865708,2865.916134442387,2869.9469588227557,123050500
2017-05-05,2865.916015625,2873.977664051512,2833.669421918952,2861.885191411744,33583500
2017-05-08,2894.13134765625,2926.3779364880747,2873.97722963636,2882.038876844316,64042500
2017-05-09,2902.193603515625,2958.6251458062065,2878.0086568196616,2950.5634969075522,50148500
2017-05-10,2890.100830078125,2914.2857742628794,2861.885061862579,2861.885061862579,78922000
2017-05-12,2902.193603515625,2990.8717414008247,2878.0086568196616,2986.8409169514975,141996500
2017-05-15,2942.501953125,2942.501953125,2902.193707191781,2902.193707191781,41290500
2017-05-16,2805.453857421875,2894.1319965932557,2777.2380858673446,2886.070347577676,237774500
2017-05-17,2732.8984375,2809.4840869284662,2728.8676138458704,2805.453263274336,166786000
2017-05-18,2805.453857421875,2813.515506437455,2708.7140692349135,2708.7140692349135,203136500
2017-05-19,2886.0703125,2914.2860837115923,2757.083929818436,2805.4538233240223,182948000
2017-05-22,2845.76220703125,2942.5019987716887,2809.4847851285854,2926.3787001482824,81751500
2017-05-23,2853.823486328125,2861.8851345945886,2793.3611243296477,2845.7618380616614,87609500
2017-05-24,2817.545654296875,2817.545654296875,2801.4223601378085,2813.5148307571085,97663500
2017-05-26,2833.669189453125,2857.8541327486,2813.5150700402296,2821.576717805388,126066500
2017-05-29,2865.916015625,2894.131785117792,2825.60777349244,2849.792718771976,103340500
2017-05-30,2837.69970703125,2869.9462946111503,2837.69970703125,2853.8230008212004,56862000
2017-05-31,2765.1455078125,2845.7619949207365,2765.1455078125,2837.700346209913,1062861500
2017-06-01,2765.1455078125,2765.1455078125,2765.1455078125,2765.1455078125,0
2017-06-02,2829.637939453125,2845.7612325554223,2793.360529972957,2809.483823075254,241656500
2017-06-05,2857.85400390625,2873.9772987096703,2817.545766897699,2869.946475008815,102575000
2017-06-06,2829.637939453125,2849.7920558309966,2821.5762929019766,2821.5762929019766,87003500
2017-06-07,2869.94677734375,2878.0084255947154,2837.7001843398875,2845.761832590853,74324000
2017-06-08,2890.100830078125,2910.254950232087,2878.0083579857483,2878.0083579857483,92743000
2017-06-09,2853.823486328125,2918.316672459834,2825.6077173955023,2918.316672459834,101066500
2017-06-12,2861.885009765625,2886.0699535101235,2837.700066021127,2853.8233618507925,38489500
2017-06-13,2882.038818359375,2894.131288925918,2857.8538772262896,2861.88470074847,49797000
2017-06-14,2898.162109375,2898.162109375,2853.823050678025,2853.823050678025,79121500
2017-06-15,2910.254638671875,2918.316285870412,2882.0388734769954,2902.1929914733378,116159000
2017-06-16,2869.94677734375,2926.378315100509,2869.94677734375,2926.378315100509,607322000
2017-06-19,2890.100830078125,2910.254950232087,2882.0391820165405,2902.193302170502,56511500
2017-06-20,2918.31640625,2930.408877546616,2890.1006398912295,2890.1006398912295,87824500
2017-06-21,2934.43994140625,2938.4707655015886,2910.2549968342205,2918.3166450248973,68809000
2017-06-22,2926.37841796875,2954.594187838972,2898.162648098528,2942.5017150374483,82107500
2017-06-23,2926.37841796875,2926.37841796875,2926.37841796875,2926.37841796875,0
2017-06-26,2926.37841796875,2926.37841796875,2926.37841796875,2926.37841796875,0
2017-06-27,2926.37841796875,2926.37841796875,2926.37841796875,2926.37841796875,0
2017-06-28,2926.37841796875,2926.37841796875,2926.37841796875,2926.37841796875,0
2017-06-29,2926.37841796875,2926.37841796875,2926.37841796875,2926.37841796875,0
2017-06-30,2926.37841796875,2926.37841796875,2926.37841796875,2926.37841796875,0
2017-07-03,2982.81005859375,2982.81005859375,2914.286043734164,2966.68676097973,213038500
2017-07-04,2990.87109375,3019.086858785377,2970.7169758675873,2982.809446597035,64599000
2017-07-05,2958.624755859375,3011.025466794214,2950.5631080232456,2990.871347203891,56981000
2017-07-06,2938.470458984375,2958.6245773587534,2918.3163406099966,2934.4396353094994,89306500
2017-07-07,2982.81005859375,2990.8717074007604,2954.5942877692146,2958.6251121727196,82260000
2017-07-10,2950.563232421875,3006.9947696539875,2942.501584245859,2982.8098251259394,40506000
2017-07-11,2954.5947265625,2974.748851573158,2942.502251556105,2954.5947265625,61603500
2017-07-12,2970.717041015625,2978.7786883453828,2918.316333372202,2934.4396280317164,89196500
2017-07-13,2982.81005859375,2986.840882997255,2946.5326389622046,2982.81005859375,64456000
2017-07-14,2966.68603515625,2990.870975660241,2950.5627414869223,2990.870975660241,41700000
2017-07-17,2950.563232421875,2966.686528773907,2942.501584245859,2942.501584245859,61702000
2017-07-18,2958.624755859375,2958.624755859375,2930.408988432923,2934.4398123509877,39056500
2017-07-19,2978.77880859375,2978.77880859375,2950.5630418005753,2958.624689455768,45057500
2017-07-20,2974.747802734375,2982.809449896257,2958.6245084106117,2978.778626315316,59790000
2017-07-21,2938.470458984375,2978.778695733132,2938.470458984375,2974.7478720582562,25438500
2017-07-24,2994.90234375,3002.9639920508075,2934.4399814939434,2958.624926396366,91781000
2017-07-25,2994.90234375,3011.025640351615,2966.6865746971735,3006.994816201211,64479500
2017-07-26,3027.148681640625,3047.302800692826,2990.8712673466625,3006.9945625884234,118081000
2017-07-27,3031.179931640625,3039.2415803949884,3015.056634131898,3027.149107263443,63409500
2017-07-28,3031.179931640625,3063.4265266580783,3015.056634131898,3063.4265266580783,84735000
2017-07-31,3015.056884765625,3035.2110083268926,2994.902761204358,2998.9335859166113,65311000
2017-08-01,3051.333740234375,3059.3953881610178,3019.087148527803,3043.272092307732,88810000
2017-08-02,3051.333740234375,3059.3953881610178,3035.210444381089,3051.333740234375,62681500
2017-08-03,3023.117919921875,3071.487806640625,2990.8713287760415,3071.487806640625,43917500
2017-08-04,2994.90234375,3023.118112802826,2990.871519599596,3023.118112802826,70007000
2017-08-07,3002.9638671875,3023.1179871015097,2994.902219221896,3023.1179871015097,57609000
2017-08-08,3063.42626953125,3071.487917608964,3015.056381064967,3015.056381064967,58013000
2017-08-09,3059.3955078125,3067.4571560544305,3023.1180907238145,3067.4571560544305,62335500
2017-08-10,3035.211181640625,3071.4886061223856,3019.087881870954,3071.4886061223856,38466500
2017-08-11,3011.025634765625,3035.2105796231804,2994.9023381939214,3019.087283051477,68837000
2017-08-14,3023.117919921875,3035.2103916015626,3006.9946243489585,3011.0254482421874,32254000
2017-08-15,3011.025634765625,3031.1797554802542,2982.809865765144,3015.0564589085507,42814000
2017-08-16,3047.302490234375,3051.333313634156,3006.994256236566,3019.0867264359085,54188500
2017-08-17,3047.302490234375,3047.302490234375,3047.302490234375,3047.302490234375,0
2017-08-18,3015.056884765625,3047.3034824636534,3002.9644106288647,3023.1185341901323,54443500
2017-08-21,3031.179931640625,3035.2107560178065,3015.056634131898,3031.179931640625,20734000
2017-08-22,3031.179931640625,3043.27240477217,3031.179931640625,3031.179931640625,35817000
2017-08-23,3087.61083984375,3087.61083984375,3039.2409572352317,3047.3026043366517,48576500
2017-08-24,3055.364501953125,3087.611093002762,3043.272030309511,3087.611093002762,57641000
2017-08-25,3079.549560546875,3095.6728566753927,3059.395440386228,3079.549560546875,43855500
2017-08-28,3075.518798828125,3079.5496229419236,3043.2722059177386,3047.3030300315368,28840500
2017-08-29,3075.518798828125,3075.518798828125,3047.3030300315368,3071.487974714327,32155000
2017-08-30,3079.549560546875,3095.6728566753927,3051.333792321969,3095.6728566753927,42254000
2017-08-31,3055.364501953125,3095.6727407651715,3055.364501953125,3055.364501953125,65610500
2017-09-01,3055.364501953125,3055.364501953125,3055.364501953125,3055.364501953125,0
2017-09-04,3043.272216796875,3063.4263374379143,3015.0564478994206,3059.395513309706,37213500
2017-09-05,3063.42626953125,3063.42626953125,3011.02555702611,3063.42626953125,73701500
2017-09-06,3047.302490234375,3067.4566072332796,3031.1791966352516,3063.425783833499,59771000
2017-09-07,3055.364501953125,3079.5494452403527,3023.117910903488,3079.5494452403527,44964000
2017-09-08,3039.2412109375,3067.4569781477953,3015.05626761439,3019.087091501575,51583000
2017-09-11,3047.302490234375,3067.4566072332796,3047.302490234375,3059.394960433718,36496500
2017-09-12,3067.45703125,3079.5495031208934,3051.333735422142,3055.3645593791066,52225000
2017-09-13,3071.488037109375,3083.5805096964195,3039.2414435439223,3039.2414435439223,29835000
2017-09-14,3079.549560546875,3087.611208611134,3071.487912482616,3083.580384579004,37754000
2017-09-15,3043.272216796875,3067.457161566122,3035.2105685404595,3063.4263374379143,163473500
2017-09-18,3059.3955078125,3063.426331933465,3035.2105630867095,3063.426331933465,30903500
2017-09-19,3075.518798828125,3091.6420952833187,3035.2105576901417,3039.2413818039404,59579500
2017-09-20,3071.488037109375,3079.549685500738,3059.39556452233,3079.549685500738,76382000
2017-09-21,3071.488037109375,3071.488037109375,3071.488037109375,3071.488037109375,0
2017-09-22,3204.505615234375,3220.628913927378,3067.4575763438484,3079.550050363601,125871000
2017-09-25,3172.2587890625,3192.4129109752225,3164.1971402974114,3184.3512622101334,97549500
2017-09-26,3168.227294921875,3188.3814125740496,3160.1656478610053,3172.25811845231,99934500
2017-09-27,3184.35107421875,3192.4127225079114,3168.2277776404276,3192.4127225079114,122173500
2017-09-28,3196.44287109375,3200.473694386428,3168.227108045003,3196.44287109375,101703500
2017-09-29,3273.029296875,3285.1217696467056,3196.443635987531,3220.628581530942,188602500
2017-10-02,3277.06005859375,3321.3991245771836,3260.936761872502,3313.337476216559,52865500
2017-10-03,3281.090576171875,3305.2755189937807,3256.9056333499693,3277.059752368224,48209500
2017-10-04,3277.06005859375,3313.337476216559,3268.998410233126,3313.337476216559,101610500
2017-10-05,3268.998046875,3277.05969433955,3236.7514570168,3277.05969433955,120569000
2017-10-06,3297.214111328125,3309.3065836190594,3240.782573970431,3264.9675185522997,100290500
2017-10-09,3281.090576171875,3289.152223779177,3264.967280957271,3273.028928564573,65156500
2017-10-10,3285.122314453125,3289.1531393788346,3256.9065399731594,3256.9065399731594,55606000
2017-10-11,3285.122314453125,3293.1839643045437,3256.9065399731594,3256.9065399731594,67298000
2017-10-12,3353.645751953125,3357.6765761742226,3285.1217401944673,3285.1217401944673,103676500
2017-10-13,3333.49169921875,3377.830766560233,3313.3375776998946,3353.645820737606,55690000
2017-10-16,3341.552978515625,3393.953688673289,3333.4913307990614,3353.6454500904706,54328000
2017-10-17,3305.275634765625,3345.5838742139863,3232.7208037585747,3345.5838742139863,115934500
2017-10-18,3256.90576171875,3337.522240969214,3236.751641906134,3337.522240969214,124576000
2017-10-19,3277.06005859375,3281.0908827740623,3248.8442893315655,3256.9059376921896,68639000
2017-10-20,3281.090576171875,3377.8303474594977,3281.090576171875,3305.2755189937807,60758000
2017-10-23,3385.891845703125,3446.3542000906805,3329.460314941406,3329.460314941406,62843500
2017-10-24,3321.399169921875,3426.200600040769,3321.399169921875,3385.8923576873485,65380000
2017-10-25,3393.9541015625,3393.9541015625,3289.1526684976247,3321.399263286817,69421500
2017-10-26,3349.614990234375,3385.892408901173,3321.399220160198,3353.6458145306856,41336000
2017-10-27,3273.029296875,3345.5841335052337,3256.905999846059,3345.5841335052337,101701000
2017-10-30,3293.183349609375,3301.244997956032,3273.0292287427324,3277.060052916061,55210500
2017-10-31,3369.76904296875,3373.7998671828273,3309.306679757588,3357.6765703265173,78009000
2017-11-01,3438.29296875,3446.354616976846,3385.892255275498,3385.892255275498,103776500
2017-11-02,3462.478515625,3486.663464511787,3450.3860411816067,3466.5093404394647,95839000
2017-11-03,3389.923095703125,3466.5087542267393,3337.522381976442,3466.5087542267393,70070000
2017-11-06,3385.891845703125,3418.138434709821,3385.891845703125,3418.138434709821,38234000
2017-11-07,3393.9541015625,3397.984925911149,3345.5842093787114,3361.7075067733076,49234500
2017-11-08,3353.645751953125,3406.0464668273926,3353.645751953125,3369.769048837515,61518000
2017-11-09,3353.645751953125,3393.9539941641,3349.6149277320274,3377.83069727971,51541000
2017-11-10,3329.460693359375,3369.7689341990767,3321.3990451914347,3353.645637863196,79178500
2017-11-13,3301.24462890625,3337.5220424107147,3289.1521577380954,3309.306276351687,56963000
2017-11-14,3301.24462890625,3313.337100074405,3293.1829814608136,3305.2754526289687,54986000
2017-11-15,3389.923095703125,3410.077216367234,3305.2757889138675,3321.399085445155,94253500
2017-11-16,3389.923095703125,3418.138864632878,3377.8306233046596,3418.138864632878,61512500
2017-11-17,3414.107177734375,3418.1380008485835,3357.67565413546,3410.076354620167,126881500
2017-11-20,3389.923095703125,3430.231337031343,3389.923095703125,3414.1080405000557,90902500
2017-11-21,3406.046142578125,3422.1694379276073,3365.7379042044195,3422.1694379276073,63695000
2017-11-22,3414.107177734375,3422.1688239627915,3385.8914159349174,3385.8914159349174,86719000
2017-11-23,3385.891845703125,3426.2000819614955,3361.7069039481025,3426.2000819614955,66003500
2017-11-24,3385.891845703125,3393.953492954799,3349.6144330705915,3365.7377275739395,60888000
2017-11-27,3434.261962890625,3434.261962890625,3357.676308788604,3357.676308788604,78146500
2017-11-28,3434.261962890625,3434.261962890625,3393.9537238895614,3434.261962890625,77432000
2017-11-29,3426.97900390625,3451.2551243589505,3386.5188031517487,3447.2091042835004,103370500
2017-11-30,3293.46044921875,3447.2092171183967,3293.46044921875,3447.2092171183967,205897500
2017-12-01,3293.46044921875,3293.46044921875,3293.46044921875,3293.46044921875,0
2017-12-04,3366.288818359375,3422.9331013606143,3342.0126970731294,3370.334838573749,128402500
2017-12-05,3398.65673828125,3418.8868379138767,3382.472658575149,3406.7487781343007,62670500
2017-12-06,3447.209716796875,3459.3477791799623,3398.6574672645247,3422.9335920307,106299500
2017-12-07,3394.611083984375,3447.2093486945023,3378.427002535105,3447.2093486945023,69664000
2017-12-08,3418.88720703125,3435.071288484652,3402.7031255778475,3414.8411866678994,40480000
2017-12-11,3410.795166015625,3439.11730855668,3398.6571049266017,3439.11730855668,32973500
2017-12-12,3439.117431640625,3439.117431640625,3374.381103515625,3426.9793701171875,67854000
2017-12-13,3386.518798828125,3426.97899953097,3386.518798828125,3426.97899953097,61131000
2017-12-14,3414.8408203125,3422.9328601710604,3378.4266409489783,3386.5186808075387,75550000
2017-12-15,3414.8408203125,3414.8408203125,3382.4726608782585,3382.4726608782585,64630500
2017-12-18,3414.8408203125,3414.8408203125,3374.380621019698,3382.4726608782585,76474000
2017-12-19,3414.8408203125,3439.1169398881816,3390.564700736819,3390.564700736819,76553500
2017-12-20,3386.518798828125,3406.7488991795476,3378.4267586875562,3406.7488991795476,102963500
2017-12-21,3414.8408203125,3422.9328601710604,3390.564700736819,3390.564700736819,61100000
2017-12-22,3479.5771484375,3507.8992880178052,3394.6107296965843,3426.978889216933,94573000
2017-12-25,3479.5771484375,3479.5771484375,3479.5771484375,3479.5771484375,0
2017-12-26,3479.5771484375,3479.5771484375,3479.5771484375,3479.5771484375,0
2017-12-27,3483.62255859375,3511.9446932164633,3463.3924624346687,3479.5765393619336,86689000
2017-12-28,3548.35986328125,3560.497924387115,3475.5314966460587,3479.577517014681,106501000
2017-12-29,3544.3134765625,3681.8781548765696,3503.853277058362,3568.589596264983,81347000
2018-01-01,3544.3134765625,3544.3134765625,3544.3134765625,3544.3134765625,0
2018-01-02,3544.3134765625,3645.4639753228453,3532.1754167112585,3544.3134765625,82303500
2018-01-03,3544.3134765625,3552.405516463328,3451.2550177029825,3548.3594965129137,68214000
2018-01-04,3596.911865234375,3596.911865234375,3544.3136039879782,3544.3136039879782,76567000
2018-01-05,3600.957763671875,3625.2338834269663,3588.819703794329,3609.0498035902388,65268000
2018-01-08,3617.142333984375,3653.5565185546875,3596.9122314453125,3600.958251953125,57928000
2018-01-09,3645.464111328125,3649.510131429488,3633.3260510240357,3641.4180912267616,61213000
2018-01-10,3633.325927734375,3677.8321473391393,3613.0958279140277,3645.4639876265833,47292000
2018-01-11,3673.7861328125,3673.7861328125,3609.0498132915745,3633.3259331119216,57569000
2018-01-12,3629.280029296875,3677.8322704914817,3613.0959488986728,3673.7862503919314,66590500
2018-01-15,3637.37255859375,3641.4185792373473,3609.050414088571,3633.326537950153,41875000
2018-01-16,3657.602783203125,3669.7408455367636,3633.326658535848,3633.326658535848,50055000
2018-01-17,3584.773681640625,3673.786120688135,3584.773681640625,3673.786120688135,183003000
2018-01-18,3653.5556640625,3657.601683624031,3600.957409762597,3600.957409762597,84980500
2018-01-19,3633.325927734375,3665.6940874469306,3625.233887806236,3661.6480674828613,50450500
2018-01-22,3637.37255859375,3653.5566411681384,3629.2805173065562,3649.5106205245415,81367500
2018-01-23,3665.69384765625,3673.7858870550494,3645.4637491592507,3665.69384765625,68752000
2018-01-24,3653.5556640625,3661.647703185562,3641.417605377907,3661.647703185562,94254500
2018-01-25,3653.5556640625,3665.693722747093,3633.325566254845,3649.509644500969,53653500
2018-01-26,3673.7861328125,3698.0622526328466,3645.463993022095,3661.6480729023265,58121000
2018-01-29,3689.969970703125,3694.015990407843,3649.5097736559414,3689.969970703125,114814500
2018-01-30,3689.969970703125,3795.166483025802,3665.693852474815,3673.7858918842517,114055000
2018-01-31,3677.8330078125,3706.1551541872936,3673.786986901815,3689.971070544554,106803000
2018-02-01,3783.029541015625,3791.1215828145887,3698.063102126504,3698.063102126504,138208000
2018-02-02,3880.133544921875,3997.4681359570513,3819.4432392140247,3823.489259594548,98474000
2018-02-05,3851.8115234375,3888.2257080078125,3803.25927734375,3843.719482421875,49501500
2018-02-06,3807.304931640625,3831.581052352468,3770.8907505728616,3795.166871284704,117589500
2018-02-07,3803.259765625,3880.134165142952,3799.2137445977396,3827.5358917885637,121947000
2018-02-08,3835.627685546875,3851.811768608254,3803.2595194241167,3811.3515609548062,68461000
2018-02-09,3815.396728515625,3839.6728476790327,3778.982549770513,3787.074589491649,71076500
2018-02-12,3803.259765625,3851.812017952128,3803.259765625,3851.812017952128,38409500
2018-02-13,3851.8115234375,3872.0416259765625,3843.719482421875,3851.8115234375,59406000
2018-02-14,3835.627685546875,3863.949830904289,3811.3515609548062,3839.67370631222,75553000
2018-02-15,3795.1669921875,3872.0413768906583,3795.1669921875,3867.9953566431236,52958500
2018-02-16,3795.1669921875,3795.1669921875,3795.1669921875,3795.1669921875,0
2018-02-19,3924.639404296875,3924.639404296875,3827.5349241905606,3831.58094419499,50185500
2018-02-20,3888.224853515625,3916.546990846124,3863.948735803769,3900.362912371553,34830000
2018-02-21,3888.224853515625,3912.5009712274814,3839.6726180919127,3876.086794659697,62499000
2018-02-22,3867.99560546875,3912.5018310546875,3843.719482421875,3900.36376953125,47217000
2018-02-23,3924.639404296875,3961.053584336743,3876.087164243718,3888.225224257007,82233000
2018-02-26,3807.304931640625,3920.5934949625566,3803.258911521985,3908.455434606635,85227500
2018-02-27,3811.350830078125,3847.76500998333,3770.8906301834527,3839.672970004395,87429500
2018-02-28,3750.660400390625,3795.1666187339874,3734.476320993039,3787.074579035194,132869000
2018-03-01,3750.660400390625,3758.752440089418,3738.5223408424354,3738.5223408424354,125474500
2018-03-02,3702.109130859375,3742.569339939805,3681.8790263191595,3734.4772981237193,151511000
2018-03-05,3702.109130859375,3770.8914862961065,3702.109130859375,3746.615360847848,87744000
2018-03-06,3685.923828125,3754.706160812294,3677.8317889853183,3750.6601412424534,75907000
2018-03-07,3657.602783203125,3746.6152403164756,3645.4647208694864,3738.5231987607162,106152000
2018-03-08,3770.891357421875,3787.0754405009384,3681.8789004870237,3722.339108184683,102994500
2018-03-09,3770.891357421875,3770.8913574218745,3718.2930874149174,3770.8913574218745,66797000
2018-03-12,3823.488525390625,3827.534544994213,3778.9823097511576,3787.0743489583333,111180500
2018-03-13,3795.1669921875,3835.6271946628463,3766.8448504547573,3819.4431136727076,80643000
2018-03-14,3787.075439453125,3819.443605602297,3758.7532940725996,3799.2135017590645,54505500
2018-03-15,3783.029541015625,3791.1215828145887,3762.7994365182153,3787.075561915107,60774500
2018-03-16,3778.98291015625,3831.5811733597097,3722.3386267063706,3827.5351531132897,193122000
2018-03-19,3778.98291015625,3783.02893040267,3754.7067886777304,3770.8908696634103,74200000
2018-03-20,3766.844970703125,3770.89099107982,3722.338746559479,3766.844970703125,89683500
2018-03-21,3783.029541015625,3807.3056664125165,3766.845457417697,3778.983520116143,67617500
2018-03-22,3795.1669921875,3803.259032682569,3778.9829111973613,3799.213012435034,60791500
2018-03-23,3851.8115234375,3851.8115234375,3722.3388671875,3722.3388671875,62978000
2018-03-26,3766.844970703125,3795.1671133399905,3754.70690957304,3787.0750725866005,100407000
2018-03-27,3795.1669921875,3847.7652554054503,3791.1209719399653,3827.535154167777,66088000
2018-03-28,3774.937255859375,3795.1673590526193,3746.615111388833,3795.1673590526193,36212500
2018-03-29,3770.891357421875,3774.9373781916406,3694.0169627963214,3746.615232803279,77650500
2018-03-30,3770.891357421875,3770.8913574218745,3770.8913574218745,3770.8913574218745,0
2018-04-02,3787.075439453125,3799.2135017590645,3738.523190229367,3795.167480990418,37162500
2018-04-03,3787.075439453125,3803.259522527711,3774.9373771471855,3783.0294186844785,56261000
2018-04-04,3770.891357421875,3803.259523580002,3726.385128954449,3803.259523580002,49877000
2018-04-05,3730.4306640625,3803.259028436822,3730.4306640625,3803.259028436822,22521500
2018-04-06,3677.8330078125,3742.569342383457,3657.602903259076,3742.569342383457,47941500
2018-04-09,3685.923828125,3706.153925974204,3653.5556715662733,3698.0618868345223,51013000
2018-04-10,3770.891357421875,3795.1674820404705,3689.9709420265553,3702.1090043358536,79533500
2018-04-11,3774.937255859375,3827.53552416181,3770.8912352207262,3803.259400329917,41891500
2018-04-12,3746.615478515625,3774.9376257614235,3730.4313943751686,3774.9376257614235,45957000
2018-04-13,3734.38427734375,3775.152664650996,3734.38427734375,3766.998987189547,70179500
2018-04-16,3734.38427734375,3734.38427734375,3734.38427734375,3734.38427734375,0
2018-04-17,3734.38427734375,3734.38427734375,3734.38427734375,3734.38427734375,0
2018-04-18,3746.615966796875,3746.615966796875,3705.8475667229154,3722.1549267524993,43716000
2018-04-19,3746.615966796875,3746.615966796875,3746.615966796875,3746.615966796875,0
2018-04-20,3746.615966796875,3746.615966796875,3746.615966796875,3746.615966796875,0
2018-04-23,3750.6923828125,3783.3070991847826,3738.4618641728944,3783.3070991847826,46236000
2018-04-24,3738.4619140625,3771.0766308700245,3730.308234860619,3766.999791269084,72223500
2018-04-25,3738.4619140625,3738.4619140625,3738.4619140625,3738.4619140625,0
2018-04-26,3738.4619140625,3738.4619140625,3738.4619140625,3738.4619140625,0
2018-04-27,3738.4619140625,3738.4619140625,3738.4619140625,3738.4619140625,0
2018-04-30,3603.92578125,3652.847850678733,3497.9279641544117,3506.081642392534,90414000
2018-05-01,3603.92578125,3603.92578125,3603.92578125,3603.92578125,0
2018-05-02,3734.38427734375,3734.38427734375,3603.9254379605622,3603.9254379605622,82346000
2018-05-03,3636.54052734375,3730.307827936694,3636.54052734375,3718.0773104680493,138704500
2018-05-04,3591.694580078125,3640.616640192696,3587.6177417352437,3636.5398018498154,74133500
2018-05-07,3636.54052734375,3636.54052734375,3555.0037442194507,3595.7721357816004,49054500
2018-05-08,3591.694580078125,3591.694580078125,3538.6956816206725,3587.6177417352437,70739000
2018-05-09,3734.38427734375,3734.38427734375,3510.158147153896,3510.158147153896,72094000
2018-05-10,3734.38427734375,3734.38427734375,3734.38427734375,3734.38427734375,0
2018-05-11,3709.924072265625,3758.8461479438533,3677.3093551468064,3709.9240722656255,80000500
2018-05-14,3746.615966796875,3746.615966796875,3640.61812660458,3661.00232664156,57370500
2018-05-15,3620.232666015625,3701.769437772734,3587.6179573127815,3697.6925991848784,130583000
2018-05-16,3648.7705078125,3652.847346368715,3571.3105752444135,3571.3105752444135,87185000
2018-05-17,3587.61865234375,3632.4638854980467,3587.61865234375,3620.233367365057,84030500
2018-05-18,3538.697021484375,3591.6959400089104,3538.697021484375,3587.619100122408,88681000
2018-05-21,3530.54248046875,3542.772997144739,3502.0046082247763,3514.235124900765,82237000
2018-05-22,3587.61865234375,3603.926009854403,3538.6965798117894,3579.464973588423,62761000
2018-05-23,3587.61865234375,3644.694403631037,3587.61865234375,3603.926009854403,79515500
2018-05-24,3661.0009765625,3689.53884609027,3632.4631070347295,3636.539945538697,77697000
2018-05-25,3677.30908203125,3697.693278716567,3648.7712066718054,3656.9248853459326,63913500
2018-05-28,3726.231201171875,3750.692237503419,3652.848092177243,3669.1554497316056,64104500
2018-05-29,3726.231201171875,3726.231201171875,3726.231201171875,3726.231201171875,0
2018-05-30,3701.769287109375,3746.6145097505682,3661.000902890109,3726.230317640935,109761500
2018-05-31,3701.769287109375,3742.5376713286414,3661.000902890109,3730.3071560628614,178023000
2018-06-01,3701.769287109375,3701.769287109375,3701.769287109375,3701.769287109375,0
2018-06-04,3738.4619140625,3746.6155932643815,3718.0777160577973,3742.5387536634407,89585000
2018-06-05,3705.84716796875,3738.46188451853,3652.8482535753574,3718.0776866749175,77233000
2018-06-06,3754.7685546875,3775.152748795467,3689.539133542006,3705.8464888283793,57913500
2018-06-07,3746.615966796875,3775.1538468486465,3734.385446774687,3775.1538468486465,40681500
2018-06-08,3628.38623046875,3750.6913843047755,3603.9251997015454,3726.2303535375704,170845000
2018-06-11,3628.38623046875,3628.38623046875,3628.38623046875,3628.38623046875,0
2018-06-12,3628.38623046875,3628.38623046875,3628.38623046875,3628.38623046875,0
2018-06-13,3628.38623046875,3628.38623046875,3628.38623046875,3628.38623046875,0
2018-06-14,3628.38623046875,3628.38623046875,3628.38623046875,3628.38623046875,0
2018-06-15,3628.38623046875,3628.38623046875,3628.38623046875,3628.38623046875,0
2018-06-18,3628.38623046875,3628.38623046875,3628.38623046875,3628.38623046875,0
2018-06-19,3628.38623046875,3628.38623046875,3628.38623046875,3628.38623046875,0
2018-06-20,3506.081298828125,3591.6949119390442,3449.0055567541785,3587.6180732194766,253439000
2018-06-21,3449.00537109375,3579.464203097296,3449.00537109375,3526.4653025958555,90593500
2018-06-22,3575.3876953125,3575.3876953125,3440.8520123645953,3489.774078891106,96509500
2018-06-25,3620.232666015625,3665.077890482035,3559.0800871977935,3575.3874415492155,62513000
2018-06-26,3485.697265625,3636.5403051900585,3485.697265625,3603.9255939327486,54763500
2018-06-27,3481.62060546875,3538.696353099385,3481.62060546875,3489.7742837016976,67309500
2018-06-28,3416.390869140625,3485.6971278224755,3412.314030394634,3485.6971278224755,118098500
2018-06-29,3502.004150390625,3502.004150390625,3396.006353056334,3416.3905448513897,119188000
2018-07-02,3497.927734375,3530.542445185023,3493.850895523747,3530.542445185023,59441500
2018-07-03,3359.315185546875,3526.465577060737,3359.315185546875,3522.3887382433254,73038000
2018-07-04,3461.236083984375,3489.7739551126324,3375.6224705996024,3420.467696658293,61994500
2018-07-05,3461.236083984375,3473.4666001821997,3424.5445353909013,3432.6982128561176,34144000
2018-07-06,3412.313720703125,3432.697912583072,3412.313720703125,3420.4673974551038,37609000
2018-07-09,3571.310546875,3587.6179009703196,3436.774875588613,3457.1590682077626,80049500
2018-07-10,3571.310546875,3587.6179009703196,3489.773776398402,3563.1568698273404,116639500
2018-07-11,3640.61767578125,3661.001873294023,3506.0819721969483,3506.0819721969483,95570000
2018-07-12,3722.15380859375,3734.384324941813,3616.156000243873,3620.2328390265607,79008000
2018-07-13,3754.7685546875,3762.9222323306867,3718.0770052931593,3750.691715865906,73936000
2018-07-16,3771.076416015625,3771.076416015625,3734.384861697635,3758.8458979096285,71571000
2018-07-17,3705.84716796875,3750.6924032246975,3673.23245141897,3738.46188451853,30322000
2018-07-18,3783.305908203125,3783.3059082031245,3742.537525571626,3742.537525571626,80090500
2018-07-19,3783.305908203125,3783.3059082031245,3758.844878624225,3766.998555150525,76925500
2018-07-20,3766.9990234375,3775.152700977408,3738.461152047822,3775.152700977408,57104000
2018-07-23,3807.767578125,3832.2286118174516,3766.99918863758,3783.306544432548,70157500
2018-07-24,3836.3056640625,3836.3056640625,3799.6141114837937,3832.228824887088,88291000
2018-07-25,3844.458984375,3844.4589843749995,3819.9979516006097,3836.3053067835363,50131500
2018-07-26,3803.69091796875,3852.6129876532355,3787.3835614072545,3787.3835614072545,54317500
2018-07-27,3787.3828125,3807.767004171152,3771.075459163079,3799.6133275026914,46642500
2018-07-30,3795.537109375,3815.921304377014,3750.6918803705694,3815.921304377014,40096500
2018-07-31,3795.537109375,3799.6139483754027,3693.61613436493,3783.306592373792,66803000
2018-08-01,3828.15087890625,3828.15087890625,3791.4593369359027,3815.920364916134,56594000
2018-08-02,3824.074951171875,3897.4580525802908,3824.0749511718755,3848.5359849746806,79333000
2018-08-03,3824.074951171875,3856.689662908949,3807.7675953033386,3824.0749511718755,41404000
2018-08-06,3881.150634765625,3881.150634765625,3815.921212332589,3815.921212332589,63000500
2018-08-07,3881.150634765625,3893.381151471819,3864.843279157366,3864.843279157366,114379000
2018-08-08,3901.534912109375,3905.6117510979952,3840.3823272800746,3897.458073120755,64702500
2018-08-09,3930.07275390625,3930.07275390625,3897.458042255576,3913.765398080913,65947500
2018-08-10,3893.38037109375,3925.9950757730694,3864.8425044993455,3913.7645615183246,80348000
2018-08-13,3803.69091796875,3840.382470232114,3758.845687424638,3836.3056310917405,80184000
2018-08-14,3832.229248046875,3897.4586820561835,3754.769295160821,3824.075568795711,85527500
2018-08-15,3824.074951171875,3848.5359849746806,3799.61391736907,3848.5359849746806,57330500
2018-08-16,3811.84521484375,3828.1525740516377,3783.3073362299465,3824.0757342496654,52903500
2018-08-17,3811.84521484375,3811.8452148437495,3811.8452148437495,3811.8452148437495,0
2018-08-20,3897.4580078125,3897.4580078125,3819.9980683266867,3832.2285850876046,96832000
2018-08-21,3893.38037109375,3909.6877234334097,3889.303533008835,3889.303533008835,67938000
2018-08-22,3893.38037109375,3893.38037109375,3893.38037109375,3893.38037109375,0
2018-08-23,4007.531982421875,4019.7624971189916,3877.0731589859647,3881.149997218337,145868000
2018-08-24,4089.069091796875,4154.298509013974,4007.532320275501,4011.60915885157,103975000
2018-08-27,4040.14697265625,4133.914258600845,4023.8396185789293,4093.1458734075427,91285000
2018-08-28,4072.76220703125,4093.146402261637,4003.4559432479355,4093.146402261637,63353500
2018-08-29,4044.223876953125,4044.2238769531255,3991.2249753398282,3995.3018139254664,87695500
2018-08-30,4089.069091796875,4101.29960752508,4064.6080603404625,4072.7617374926,96273500
2018-08-31,4044.223876953125,4084.9922628095073,4044.2238769531255,4076.838585638231,111563000
2018-09-03,4040.14697265625,4089.0690348882126,4011.6091030209386,4084.9921963688826,38489500
2018-09-04,4036.070068359375,4060.5310990767043,3995.301683830492,4048.3005837180394,42271500
2018-09-05,3913.764892578125,3995.301661173503,3856.6891545613607,3995.301661173503,95608500
2018-09-06,4027.916015625,4109.452777074899,3848.5351404352227,3917.841387667637,95265000
2018-09-07,4052.377197265625,4052.377197265625,3974.917270959743,4048.3003590389994,72551500
2018-09-10,4036.070068359375,4036.0700683593745,3938.2259454900563,4011.609037642045,66696500
2018-09-11,4036.070068359375,4036.0700683593745,4036.0700683593745,4036.0700683593745,0
2018-09-12,3897.4580078125,4048.3010478638207,3885.227491051582,4036.070531102903,87900500
2018-09-13,3913.764892578125,3974.917469024658,3897.4575388590497,3946.379600016276,94051000
2018-09-14,3909.688232421875,3946.3797799628524,3864.84300764957,3897.457716574883,72473500
2018-09-17,3901.534912109375,3909.6885900866155,3872.997039189035,3872.997039189035,39478000
2018-09-18,3913.764892578125,3954.533276875814,3864.8428314208986,3864.8428314208986,75119500
2018-09-19,3913.764892578125,3950.456438446045,3885.227023569743,3925.995407867432,111558500
2018-09-20,3905.61181640625,3950.457046030956,3897.4581382926667,3946.3802069741646,60786000
2018-09-21,3864.843505859375,3938.2266104010087,3864.843505859375,3897.4582189889898,152052000
2018-09-24,3901.534912109375,3925.9959460410955,3881.150717166275,3897.458073120755,59902000
2018-09-25,3901.534912109375,3913.7654290752353,3885.227556154895,3913.7654290752353,42771000
2018-09-26,3946.379638671875,3962.6869925506844,3881.1502231566374,3881.1502231566374,71715500
2018-09-27,3913.764892578125,3934.1490847269697,3889.303861999512,3897.4575388590497,71001000
2018-09-28,3938.226318359375,3938.226318359375,3897.4579299705615,3897.4579299705615,96975000
2018-10-01,3905.61181640625,3946.3802069741646,3905.61181640625,3913.765494519833,36388000
2018-10-02,3905.61181640625,3946.3802069741646,3872.997103951918,3925.996011690207,50639500
2018-10-03,3901.534912109375,3909.6885900866155,3868.920200200415,3872.997039189035,33524500
2018-10-04,3848.5361328125,3901.5350414211466,3832.2287763175314,3901.5350414211466,67869500
2018-10-05,3758.84521484375,3840.3819874000137,3746.6146989603108,3840.3819874000137,98249500
2018-10-08,3824.074951171875,3905.611730514559,3762.9223666648622,3762.9223666648622,57250000
2018-10-09,3872.997314453125,3872.997314453125,3815.921564555921,3832.228921669408,36940000
2018-10-10,3811.84521484375,3934.1504089029077,3791.46101583389,3897.45885068516,59394500
2018-10-11,3705.84716796875,3799.6144780493673,3665.0787722815253,3750.6924032246975,102336000
2018-10-12,3791.459716796875,3828.151262443296,3750.6913327452953,3750.6913327452953,82574500
2018-10-15,3889.30322265625,3889.30322265625,3828.1506562622835,3832.2274940218813,65950000
2018-10-16,3930.07275390625,3930.07275390625,3832.2286189542274,3889.3043643429073,47449000
2018-10-17,3917.84130859375,3942.3023365350223,3877.07292869163,3938.2254985448103,38359000
2018-10-18,3848.5361328125,3893.3813631736625,3848.5361328124995,3881.1508458024364,29360500
2018-10-19,3811.84521484375,3856.6904526654407,3787.3841760319183,3799.614695437834,45219500
2018-10-22,3775.153076171875,3848.5361813242444,3775.153076171875,3811.8446287480597,63484000
2018-10-23,3742.538818359375,3819.998772116268,3730.3082993451285,3815.9219324448527,62162500
2018-10-24,3693.615234375,3775.151994515729,3693.615234375,3750.6909664735103,59493500
2018-10-25,3734.38427734375,3779.229503381721,3616.1559541527363,3616.1559541527363,87732500
2018-10-26,3848.5361328125,3848.5361328124995,3750.6919938426904,3766.9993503376586,83994000
2018-10-29,3771.076416015625,3840.3826852829393,3771.076416015625,3799.614291596284,34553000
2018-10-30,3832.229248046875,3856.6902858003655,3766.9998140375665,3771.076653663148,68882500
2018-10-31,3856.689453125,3893.3810018333775,3832.2284206527484,3872.996808106501,128908500
2018-11-01,3881.150634765625,3921.919023786272,3868.920118059431,3889.3043125697545,117906500
2018-11-02,3913.764892578125,3942.302761586507,3881.150185139974,3913.764892578125,114054500
2018-11-05,3942.303466796875,3954.5339842740113,3905.611914365467,3913.7655926835573,76754500
2018-11-06,3978.99462890625,4031.9935327748785,3954.5335963514985,3962.6872738697493,94410500
2018-11-07,3930.07275390625,4011.609533032936,3897.458042255576,4011.609533032936,83875500
2018-11-08,3913.764892578125,3995.301661173503,3897.4575388590497,3978.994307454427,99739000
2018-11-09,3913.764892578125,3921.918569437663,3901.5343772888186,3913.764892578125,62938500
2018-11-12,3864.843505859375,3942.3034495422107,3864.843505859375,3938.2266104010087,65125000
2018-11-13,3925.995361328125,3930.072199709566,3807.7670482663225,3864.842785606503,61231500
2018-11-14,3921.919189453125,3954.53390204733,3897.4581550074713,3925.9960285274005,68511500
2018-11-15,3942.303466796875,3970.8413409101927,3905.611914365467,3958.6108234330563,87085500
2018-11-16,4048.300537109375,4060.531052327228,3962.6869305844034,3970.840607396305,134145500
2018-11-19,4093.14599609375,4142.068059792082,4060.5312869615286,4076.838641527639,103822500
2018-11-20,4093.14599609375,4093.1459960937495,4093.1459960937495,4093.1459960937495,0
2018-11-21,4044.223876953125,4084.9922628095073,4040.147038367487,4076.838585638231,107889000
2018-11-22,4093.14599609375,4109.45335065986,4027.9165778293077,4027.9165778293077,87270000
2018-11-23,4093.14599609375,4150.221737075137,4056.454448320001,4125.760705225971,57460000
2018-11-26,4113.5302734375,4142.068144511893,4044.224015113974,4044.224015113974,64336500
2018-11-27,4158.37548828125,4158.37548828125,4076.838714001225,4109.453423713235,73989000
2018-11-28,4150.22216796875,4178.760041422366,4142.0684898391455,4178.760041422366,90687500
2018-11-29,4272.5263671875,4272.5263671875,4158.37489936188,4158.37489936188,113847500
2018-11-30,4248.06591796875,4272.52695012596,4203.220692347199,4272.52695012596,178034500
2018-12-03,4221.0703125,4413.308979832849,4171.988099563953,4266.062341024709,100923000
2018-12-04,4286.51318359375,4331.505211284142,4216.980049890416,4221.0702342259065,119232500
2018-12-05,4278.33251953125,4278.33251953125,4184.2582863102,4188.3484703632885,74994000
2018-12-06,4302.87451171875,4302.87451171875,4188.349334600761,4229.251183571471,75450000
2018-12-07,4245.61181640625,4261.972555583153,4221.070707640895,4245.61181640625,71070000
2018-12-10,4237.43115234375,4257.882074893671,4188.348938223939,4188.348938223939,81221000
2018-12-11,4221.0703125,4253.7917877906975,4192.439021620639,4196.529206031977,93017000
2018-12-12,4225.16162109375,4245.612548591784,4196.530322596503,4245.612548591784,121623000
2018-12-13,4225.16162109375,4257.883105090604,4208.800879095323,4253.7929195909965,84280500
2018-12-14,4225.16162109375,4237.43217759257,4204.710693595716,4221.071435594143,184435000
2018-12-17,4225.16162109375,4253.7929195909965,4212.89106459493,4241.522363092176,101438500
2018-12-18,4143.35791015625,4184.259765142985,4073.824756678801,4171.9892086469645,132039000
2018-12-19,4278.33251953125,4278.33251953125,4122.905525513863,4122.905525513863,102220500
2018-12-20,4184.25927734375,4229.251312584005,4147.447612147177,4188.3494623655915,94455000
2018-12-21,4229.25146484375,4233.341650012844,4122.906650447292,4122.906650447292,89979500
2018-12-24,4229.25146484375,4229.25146484375,4229.25146484375,4229.25146484375,0
2018-12-25,4229.25146484375,4229.25146484375,4229.25146484375,4229.25146484375,0
2018-12-26,4274.24267578125,4274.24267578125,4204.709541342703,4229.250647615131,66511500
2018-12-27,4249.70263671875,4298.784861589419,4237.432080501083,4286.514305371752,50265500
2018-12-28,4253.79296875,4286.514453125,4237.4322265625,4249.702783203124,54467500
2018-12-31,4253.79296875,4253.79296875,4253.79296875,4253.79296875,0
2019-01-01,4253.79296875,4253.79296875,4253.79296875,4253.79296875,0
2019-01-02,4286.51318359375,4290.60336792924,4253.791708909828,4253.791708909828,35956000
2019-01-03,4237.43115234375,4270.152628423624,4184.258753713954,4253.791890383687,72358000
2019-01-04,4257.88232421875,4257.88232421875,4192.439368226915,4233.341215721812,51465000
2019-01-07,4290.60400390625,4356.04696297441,4290.60400390625,4306.96474367329,73438000
2019-01-08,4286.51318359375,4351.9561329615935,4257.881893245319,4278.33281492277,66247500
2019-01-09,4298.78466796875,4351.9570758503805,4274.243556638767,4335.596334963725,84871000
2019-01-10,4298.78466796875,4335.596334963725,4245.6122600871195,4335.596334963725,114314500
2019-01-11,4294.6943359375,4335.596186755952,4282.423780691964,4319.235446428571,84826500
2019-01-14,4253.79296875,4282.424267578125,4212.89111328125,4270.153710937499,87547500
2019-01-15,4302.87451171875,4302.87451171875,4245.611923159755,4278.333402336324,87763000
2019-01-16,4323.32568359375,4323.32568359375,4290.6042025447905,4302.874757938151,94972500
2019-01-17,4360.13720703125,4360.13720703125,4323.325542056315,4327.41572705353,91654000
2019-01-18,4437.8505859375,4437.8505859375,4347.8665187572005,4368.31744311636,100873500
2019-01-21,4536.0146484375,4581.006678313796,4409.218927877029,4437.85021961649,87118000
2019-01-22,4581.0078125,4597.368554687499,4458.30224609375,4581.0078125,91907000
2019-01-23,4499.203125,4581.006818181818,4478.752201704546,4581.006818181818,98512500
2019-01-24,4466.4814453125,4486.932367681147,4380.587571364183,4441.940338470124,106781000
2019-01-25,4499.203125,4515.563863636364,4417.399431818182,4417.399431818182,68944000
2019-01-28,4495.11328125,4511.474021127161,4478.752541372839,4511.474021127161,69704000
2019-01-29,4531.92431640625,4540.104685208427,4450.120628384477,4454.210812785565,77679000
2019-01-30,4515.5634765625,4548.284951030345,4495.112555020098,4548.284951030345,76285000
2019-01-31,4609.63818359375,4613.7283683174355,4515.563934948979,4515.563934948979,135904500
2019-02-01,4609.63818359375,4703.71243223852,4548.285412738464,4646.449846106921,57719500
2019-02-04,4499.203125,4609.638110795455,4499.203125,4609.638110795455,113846500
2019-02-05,4499.203125,4499.203125,4499.203125,4499.203125,0
2019-02-06,4527.83447265625,4531.924657365063,4495.112994985744,4499.203179694557,121996500
2019-02-07,4523.74462890625,4527.834813923345,4503.293703820779,4527.834813923345,63697500
2019-02-08,4515.5634765625,4527.834029487942,4499.202739328578,4523.7438451794615,65268500
2019-02-11,4495.11328125,4523.744576035032,4466.481986464968,4515.564206096451,37639000
2019-02-12,4466.4814453125,4523.744027944712,4458.301076365042,4523.744027944712,95883500
2019-02-13,4433.76123046875,4491.023829386243,4425.580859194823,4466.482715564461,103115500
2019-02-14,4401.03955078125,4421.490478061833,4401.03955078125,4421.490478061833,108738500
2019-02-15,4384.67822265625,4425.5800717481925,4364.227298110279,4384.67822265625,81340000
2019-02-18,4482.841796875,4499.202533359945,4425.579219177692,4425.579219177692,62991000
2019-02-19,4401.03955078125,4482.843259903579,4401.03955078125,4433.761034430181,64469000
2019-02-20,4499.203125,4576.916633522727,4450.120909090909,4458.301278409091,89583000
2019-02-21,4503.29296875,4548.284996594006,4474.661678303815,4531.924259196186,54561500
2019-02-22,4491.0224609375,4519.653751672074,4466.481354593579,4478.75190776554,48271500
2019-02-25,4491.0224609375,4499.202829718807,4462.391170202925,4491.0224609375,47887000
2019-02-26,4544.1953125,4544.1953125,4495.11309490324,4499.203279702971,98446000
2019-02-27,4552.3759765625,4556.466161626797,4536.015236305312,4552.3759765625,78519500
2019-02-28,4511.4736328125,4564.646032836582,4507.383448195264,4556.465663602108,99366000
2019-03-01,4531.92431640625,4581.006529219314,4527.834132005161,4552.375238411693,72589500
2019-03-04,4527.83447265625,4531.924657365063,4511.473733820997,4515.56391852981,63910500
2019-03-05,4495.11328125,4503.29365118858,4450.121246587807,4499.20346621929,46499500
2019-03-06,4491.0224609375,4544.194858015995,4491.0224609375,4544.194858015995,37777000
2019-03-07,4491.0224609375,4491.0224609375,4491.0224609375,4491.0224609375,0
2019-03-08,4450.12109375,4556.465899299173,4450.12109375,4536.014975155102,61126000
2019-03-11,4503.29296875,4523.743890497275,4466.481309604905,4523.743890497275,32469000
2019-03-12,4499.203125,4531.9246022727275,4458.301278409091,4531.9246022727275,40178500
2019-03-13,4499.203125,4503.2933096590905,4458.301278409091,4458.301278409091,17722000
2019-03-14,4482.841796875,4495.112349238709,4458.300692147582,4458.300692147582,41096000
2019-03-15,4531.92431640625,4536.014500807339,4486.932287994275,4515.563578801895,41759500
2019-03-18,4540.10595703125,4548.286328125,4527.835400390625,4544.196142578125,42791000
2019-03-19,4491.0224609375,4536.014489234688,4486.932276546847,4531.924304844035,51527000
2019-03-20,4474.66259765625,4544.195745883084,4470.572412466437,4531.925190313643,42388500
2019-03-21,4478.75244140625,4515.564105308219,4470.572071650257,4491.02299604024,39866000
2019-03-22,4486.93212890625,4499.202681674453,4470.571391881979,4470.571391881979,29601000
2019-03-25,4462.3916015625,4499.203264636802,4450.1210472043995,4450.1210472043995,23054500
2019-03-26,4474.66259765625,4507.38407917476,4462.392042086809,4482.842968035878,19895500
2019-03-27,4486.93212890625,4507.383050186588,4466.481207625911,4507.383050186588,17804500
2019-03-28,4474.66259765625,4486.933153225691,4437.850930947926,4466.482227276622,32187500
2019-03-29,4507.3837890625,4523.744528768716,4466.48193979696,4511.473973989055,36234000
2019-04-01,4499.203125,4540.104971590909,4482.842386363636,4540.104971590909,21786000
2019-04-02,4499.203125,4556.465710227273,4482.842386363636,4523.744232954546,36853000
2019-04-03,4499.203125,4499.203125,4499.203125,4499.203125,0
2019-04-04,4531.92431640625,4548.285054010605,4491.022472395363,4531.92431640625,48112000
2019-04-05,4523.74462890625,4548.285739008816,4519.654443889156,4548.285739008816,21913500
2019-04-08,4482.841796875,4531.924006329836,4458.300692147582,4503.292717481181,39910000
2019-04-09,4527.83447265625,4540.1050267826895,4511.473733820997,4527.83447265625,29447000
2019-04-10,4519.65478515625,4544.195897111849,4511.474414504383,4540.105711785916,19508500
2019-04-11,4482.841796875,4548.284742814781,4482.841796875,4548.284742814781,25356000
2019-04-12,4499.203125,4507.383494318182,4466.4816477272725,4466.4816477272725,18577000
2019-04-15,4503.29296875,4556.4653652929155,4491.0224157016355,4548.284996594006,68152000
2019-04-16,4495.11328125,4503.29365118858,4478.752541372839,4495.11328125,71017000
2019-04-17,4495.11328125,4495.11328125,4495.11328125,4495.11328125,0
2019-04-18,4601.458984375,4748.705671875,4564.6473125,4581.008055555556,129332500
2019-04-19,4601.458984375,4601.458984375,4601.458984375,4601.458984375,0
2019-04-22,4601.458984375,4646.451027777778,4568.7374982638885,4601.458984375,62837500
2019-04-23,4605.54833984375,4670.991300267818,4576.91704465822,4646.450190108792,48654000
2019-04-24,4647.6494140625,4655.904563998668,4622.883964253996,4655.904563998668,46975000
2019-04-25,4618.7568359375,4639.394712773682,4560.970780796191,4569.225931530664,61482500
2019-04-26,4639.3935546875,4660.031426372053,4598.117811318394,4610.500534329126,66204500
2019-04-29,4693.05322265625,4701.308373443684,4618.756865569344,4631.139591750495,65480500
2019-04-30,4746.7109375,4754.966086956521,4680.669741847826,4680.669741847826,107607500
2019-05-01,4746.7109375,4746.7109375,4746.7109375,4746.7109375,0
2019-05-02,4693.05322265625,4796.242607499175,4684.798071868816,4787.987456711741,80879500
2019-05-03,4684.79736328125,4746.710984822412,4635.266466048321,4688.924938050661,58244500
2019-05-06,4639.3935546875,4672.414149382785,4618.755683002947,4622.883257339858,36649500
2019-05-07,4672.41455078125,4713.690297696278,4664.159401398244,4684.797274855759,59177000
2019-05-08,4705.43505859375,4705.43505859375,4618.755991724917,4622.8835663377195,59062000
2019-05-09,4647.6494140625,4705.435463615675,4643.521839094416,4705.435463615675,126636500
2019-05-10,4631.13916015625,4688.925210282977,4622.884010138147,4631.13916015625,76130500
2019-05-13,4631.13916015625,4701.307935310133,4622.884010138147,4688.925210282977,63720500
2019-05-14,4536.20458984375,4647.649106609702,4536.20458984375,4589.863060879208,114800500
2019-05-15,4507.3115234375,4585.735441885588,4494.9287994720125,4585.735441885588,72065000
2019-05-16,4358.71923828125,4523.8222397312975,4358.71923828125,4507.311939586292,87939000
2019-05-17,4276.16748046875,4383.484424959279,4276.16748046875,4358.718976230695,74207000
2019-05-20,4441.2705078125,4449.525657455274,4243.14691638592,4276.1675149570165,54764500
2019-05-21,4507.3115234375,4536.204546023638,4457.780627575549,4515.566672747826,97371000
2019-05-22,4507.3115234375,4565.097568609775,4457.780627575549,4565.097568609775,38519000
2019-05-23,4627.01123046875,4627.01123046875,4408.249771757917,4490.801265611061,54926000
2019-05-24,4631.13916015625,4647.649460192458,4627.011585147198,4631.13916015625,37402000
2019-05-27,4693.05322265625,4705.435948837401,4565.098385451022,4569.225960844739,68564000
2019-05-28,4734.3291015625,4763.222130081191,4668.2878935197805,4668.2878935197805,209923000
2019-05-29,4738.45654296875,4866.41137993045,4730.201392197027,4787.9874475990855,133044500
2019-05-30,4738.45654296875,4738.45654296875,4738.45654296875,4738.45654296875,0
2019-05-31,4804.4970703125,4845.772818339239,4734.328298667042,4738.455873469717,96875000
2019-06-03,4804.4970703125,4804.4970703125,4804.4970703125,4804.4970703125,0
2019-06-04,4804.4970703125,4804.4970703125,4804.4970703125,4804.4970703125,0
2019-06-05,4804.4970703125,4804.4970703125,4804.4970703125,4804.4970703125,0
2019-06-06,4804.4970703125,4804.4970703125,4804.4970703125,4804.4970703125,0
2019-06-07,4804.4970703125,4804.4970703125,4804.4970703125,4804.4970703125,0
2019-06-10,4854.0283203125,5109.937976655506,4796.242268880208,4953.090122767857,179238000
2019-06-11,4878.79296875,4920.068712986464,4825.134501242597,4870.537819902707,72901000
2019-06-12,4825.13525390625,4870.538579648738,4804.497378568755,4821.007678838751,69255500
2019-06-13,4792.1142578125,4858.155453441268,4779.731533632106,4858.155453441268,78802500
2019-06-14,4787.9873046875,4825.135482051455,4779.732154162177,4825.135482051455,57220500
2019-06-17,4783.859375,4821.007549611734,4779.7318000431405,4796.242099870578,83624000
2019-06-18,4870.5380859375,4870.5380859375,4783.859018306409,4783.859018306409,78788000
2019-06-19,4903.5595703125,4920.069871896044,4862.283816353641,4870.538967145412,66944500
2019-06-20,4878.79296875,4903.558415291878,4792.113905853426,4870.537819902707,59504500
2019-06-21,4854.0283203125,4899.431646437872,4821.007719494048,4878.79377092634,144149000
2019-06-24,4849.900390625,4870.53826462766,4841.645241023936,4866.410689827128,30084000
2019-06-25,4878.79296875,4920.068712986464,4849.899947784475,4895.3032664445855,40561500
2019-06-26,4841.6455078125,4903.559133232097,4837.517932784527,4903.559133232097,59334500
2019-06-27,4899.431640625,4899.431640625,4792.114688092354,4829.262863969039,77525000
2019-06-28,4948.96240234375,4948.96240234375,4920.069377476022,4936.579677400438,80919000
2019-07-01,4944.83447265625,4973.727495451403,4924.196599231141,4948.9620473412715,56612500
2019-07-02,4953.08984375,4953.08984375,4911.814095052083,4944.834694010417,48563500
2019-07-03,4953.08984375,4953.08984375,4903.558945312499,4911.814095052083,43640000
2019-07-04,4944.83447265625,4961.344771396338,4924.196599231141,4953.089622026294,28224500
2019-07-05,4928.32470703125,4969.600458346419,4928.32470703125,4969.600458346419,32722500
2019-07-08,4854.0283203125,4920.069521949405,4841.645595005581,4899.431646437872,38361000
2019-07-09,4953.08984375,4953.08984375,4845.772897135416,4845.772897135416,47740500
2019-07-10,4953.08984375,4986.110442708333,4948.962268880208,4953.08984375,52183500
2019-07-11,4973.72802734375,4973.72802734375,4936.579851205913,4969.600452217323,34279500
2019-07-12,4961.34423828125,4977.854535247244,4948.961515556754,4953.089089798253,29838000
2019-07-15,5039.76953125,5048.024681997338,4981.983476018632,5002.621352886978,61453500
2019-07-16,5023.25927734375,5039.769578994839,5010.8765511054335,5019.131701930978,38075000
2019-07-17,5076.91650390625,5076.91650390625,4990.237441644436,5019.130462398374,45487000
2019-07-18,5072.7900390625,5093.427915543633,4998.493683730421,5035.641861396461,43625500
2019-07-19,5118.19287109375,5126.448020885837,5076.917122133316,5114.065296197707,43973500
2019-07-22,5192.48974609375,5192.48974609375,5118.193390426271,5167.7242942045905,37314500
2019-07-23,5147.08642578125,5192.48975431661,5122.320973852872,5151.214001102646,39129500
2019-07-24,5159.46826171875,5171.850985546875,5089.2994933593745,5167.7234109374995,51343500
2019-07-25,5159.46826171875,5180.106134765625,5118.192515625,5175.97856015625,53477500
2019-07-26,5114.06494140625,5159.468262112843,5109.937366796559,5159.468262112843,51797500
2019-07-29,5109.9375,5142.9580977382875,5085.172051696284,5134.702948303716,68509500
2019-07-30,5134.70361328125,5159.4690647922525,5109.9381617702475,5122.320887525749,38225500
2019-07-31,5109.9375,5151.213247172859,5101.682350565428,5109.9375,64129000
2019-08-01,5126.4482421875,5175.9791430782,5105.810366816375,5109.937941890599,78228000
2019-08-02,5089.30029296875,5122.320895031808,5085.172717710868,5085.172717710868,62989500
2019-08-05,4953.08984375,5130.575563151041,4953.08984375,5130.575563151041,90924000
2019-08-06,4854.0283203125,4915.941946847098,4759.09409295945,4854.0283203125,183296000
2019-08-07,4961.34423828125,4994.3648322132385,4874.66517920978,4932.45121859076,92102000
2019-08-08,4957.21728515625,5019.130906536219,4936.579411362926,4961.344859914914,58295500
2019-08-09,5006.74853515625,5052.151860701772,4998.493385057064,4998.493385057064,48118500
2019-08-12,4986.111328125,5019.13193294702,4953.09072330298,5010.876781741515,52705000
2019-08-13,4965.47314453125,4986.111021274937,4953.090418485037,4953.090418485037,84406000
2019-08-14,4961.34423828125,5002.619980696235,4936.578792832259,4986.109683730241,81942000
2019-08-15,4953.08984375,4953.08984375,4837.517747395833,4887.0486458333335,52561500
2019-08-16,4920.06884765625,4986.11004024224,4920.06884765625,4986.11004024224,49821500
2019-08-19,4965.47314453125,4977.855870577462,4924.197391043875,4977.855870577462,30619000
2019-08-20,4940.70654296875,4981.982286853201,4940.70654296875,4981.982286853201,58393500
2019-08-21,4932.45166015625,4957.217107822306,4932.45166015625,4953.089533211297,55927500
2019-08-22,4953.08984375,4953.08984375,4887.0486458333335,4891.176220703124,65888000
2019-08-23,4948.96240234375,4948.96240234375,4874.666052683878,4887.048777627189,33083500
2019-08-26,4944.83447265625,4953.089622026294,4837.51753084568,4903.55872580603,41388500
2019-08-27,4957.21728515625,4986.110308466902,4911.813962810938,4986.110308466902,123780000
2019-08-28,4948.96240234375,4969.60027724927,4940.707252381542,4953.089977324854,55688000
2019-08-29,4957.21728515625,4973.727584190909,4940.706986121591,4944.834560880256,51525500
2019-08-30,5035.640625,5035.640625,4957.216713627049,5019.130327868852,73650000
2019-09-02,4953.08984375,5035.641341145833,4953.08984375,5035.641341145833,42429000
2019-09-03,4998.49267578125,4998.49267578125,4953.089356678364,4953.089356678364,42743500
2019-09-04,4969.6005859375,5002.621187837417,4957.2178602250315,5002.621187837417,41979000
2019-09-05,4986.111328125,5023.259508549772,4965.473450111238,5023.259508549772,53650500
2019-09-06,4973.72802734375,5002.621053228734,4973.72802734375,5002.621053228734,54349000
2019-09-09,4981.9833984375,4998.493699675072,4936.580070034175,4994.366124365679,25912000
2019-09-10,4998.49267578125,4998.49267578125,4940.706633286669,4969.599654533959,40291000
2019-09-11,5035.640625,5035.640625,4961.344287909836,4994.364882172131,45243500
2019-09-12,4969.6005859375,5039.7693649748235,4961.345435462521,5035.641789737334,40034000
2019-09-13,4977.85498046875,5027.385875796797,4961.344682026067,5019.130726575456,28419500
2019-09-16,4957.21728515625,4965.472434673579,4940.706986121591,4953.089710397585,77289000
2019-09-17,4977.85498046875,4981.98255507942,4940.7068089727145,4944.834383583385,92037500
2019-09-18,4986.111328125,4986.111328125,4944.835572097475,4944.835572097475,28667000
2019-09-19,4977.85498046875,4990.237704300762,4953.089532804726,4965.472256636738,61988500
2019-09-20,4944.83447265625,4994.365368876513,4944.83447265625,4994.365368876513,133433000
2019-09-23,4973.72802734375,4977.855602470176,4953.090151711618,4977.855602470176,47231500
2019-09-24,4907.6865234375,4953.089847035324,4903.558948564971,4936.579547545206,79718500
2019-09-25,4899.431640625,4899.431640625,4771.476812605308,4870.538614943134,88620000
2019-09-26,5002.62109375,5002.62109375,4928.324740872525,4953.090191831683,109859000
2019-09-27,5010.8759765625,5015.003551502008,4953.089927409391,4957.217502348898,48010000
2019-09-30,5010.8759765625,5010.8759765625,4957.217502348898,5010.8759765625,73391000
2019-10-01,4986.111328125,5006.749206138762,4961.345874508485,4961.345874508485,40057000
2019-10-02,4994.36474609375,5010.875042775052,4961.344152731147,4961.344152731147,52376500
2019-10-03,4986.111328125,4990.238903727753,4911.814967275455,4961.345874508485,50269000
2019-10-04,4990.2373046875,5006.747601808054,4936.578839045698,4936.578839045698,56890500
2019-10-07,5010.8759765625,5019.131126441515,4994.365676804468,5010.8759765625,56705500
2019-10-08,5035.640625,5035.640625,4965.471862192622,5019.130327868852,46997500
2019-10-09,5010.8759765625,5035.641426199547,4994.365676804468,5035.641426199547,41496500
2019-10-10,5043.896484375,5043.896484375,4969.600136814648,4969.600136814648,65806500
2019-10-11,5056.27978515625,5081.045237165178,5019.131607142857,5019.131607142857,40863500
2019-10-14,5118.19287109375,5118.19287109375,5060.406822549143,5060.406822549143,37514500
2019-10-15,5097.5546875,5109.937411437247,5072.789239625506,5109.937411437247,40935000
2019-10-16,5130.57568359375,5130.57568359375,5097.555083860242,5118.192958693685,65776500
2019-10-17,5048.0234375,5126.447350265739,5039.768288787816,5105.809478485282,45666500
2019-10-18,5085.171875,5093.427024147728,5068.661576704546,5085.171875,41008500
2019-10-21,5134.70361328125,5163.596640044087,5105.810586518413,5118.193312273915,59971500
2019-10-22,5200.744140625,5200.744140625,5138.830519903274,5175.97869233631,67259500
2019-10-23,5180.107421875,5204.872875684761,5167.724694970119,5200.745300049801,62219000
2019-10-24,5200.744140625,5217.254439484127,5175.97869233631,5192.488991195436,73101000
2019-10-25,5118.19287109375,5221.382243494833,5097.554996613533,5217.25466859879,61929500
2019-10-28,5122.3193359375,5159.467501951552,5118.191761935939,5118.191761935939,43249500
2019-10-29,5134.70361328125,5151.213914288585,5076.917559755577,5122.320887525749,79861500
2019-10-30,5171.85107421875,5188.361372939321,5118.192603376896,5184.233798259178,60738000
2019-10-31,5192.48974609375,5200.7448967234695,5159.469143574871,5175.97944483431,58420500
2019-11-01,5221.3828125,5221.3828125,5180.107059041502,5200.744935770751,42080500
2019-11-04,5180.107421875,5266.786510209164,5167.724694970119,5242.021056399402,43794500
2019-11-05,5250.27587890625,5250.27587890625,5175.979522129274,5242.020728153252,66161500
2019-11-06,5196.6162109375,5266.784976295671,5196.6162109375,5266.784976295671,63393000
2019-11-07,5188.361328125,5229.637074569909,5159.468305613564,5229.637074569909,61972000
2019-11-08,5184.23388671875,5213.126909972756,5159.468438215316,5213.126909972756,90040500
2019-11-11,5196.6162109375,5233.764380833002,5171.850764340498,5229.636806400168,70207000
2019-11-12,5171.85107421875,5184.233798259178,5134.702902097466,5134.702902097466,47635500
2019-11-13,5184.23388671875,5188.361461469322,5171.851162467034,5171.851162467034,40083500
2019-11-14,5175.97900390625,5184.234153832735,5126.448104347338,5171.851428943007,37862000
2019-11-15,5180.107421875,5192.490148779881,5163.59711933516,5184.2349975099605,47138000
2019-11-18,5184.23388671875,5188.361461469322,5126.447840210739,5155.340863464744,65599000
2019-11-19,5213.12646484375,5242.019485630691,5200.743741649347,5225.509188038153,60115000
2019-11-20,5242.02001953125,5242.02001953125,5163.596097979208,5163.596097979208,43229500
2019-11-21,5200.744140625,5242.019887772817,5200.744140625,5242.019887772817,57523500
2019-11-22,5204.8720703125,5208.999645308783,5175.979045338521,5184.234195331087,56035000
2019-11-25,5180.107421875,5229.638329494522,5180.107421875,5225.510753859562,55133500
2019-11-26,5188.361328125,5225.509499925418,5175.978604191528,5225.509499925418,192783500
2019-11-27,5200.744140625,5200.744140625,5151.213244047619,5175.97869233631,58833500
2019-11-28,5159.46826171875,5196.616433203125,5155.340687109375,5196.616433203125,44248000
2019-11-29,5184.23388671875,5196.616610970466,5138.830564462455,5142.958139213028,52954500
2019-12-02,5303.93408203125,5303.93408203125,5175.979252036722,5184.234402358949,49909000
2019-12-03,5262.6572265625,5299.805395220588,5237.891780790441,5299.805395220588,42823000
2019-12-04,5254.40234375,5283.295365278869,5246.147194741752,5250.274769245876,37552000
2019-12-05,5233.765625,5270.913803726341,5225.510474171924,5250.275926656152,54168000
2019-12-06,5295.87548828125,5295.87548828125,5233.765924306099,5250.328474699472,69920500
2019-12-09,5295.87548828125,5295.87548828125,5266.891025092846,5275.172300289533,51667500
2019-12-10,5271.0302734375,5300.014728986645,5266.889636930479,5295.874092479625,57654000
2019-12-11,5283.45263671875,5287.593273581382,5258.608815542957,5271.0307261308535,48469000
2019-12-12,5250.328125,5304.156410193218,5250.328125,5300.015772870663,79198500
2019-12-13,5266.89013671875,5316.577779517984,5258.608862918878,5295.874595018303,70822500
2019-12-16,5266.89013671875,5295.874595018303,5250.327589119006,5250.327589119006,78684000
2019-12-17,5382.8271484375,5382.8271484375,5271.029969200721,5295.873786808894,102914500
2019-12-18,5594.00048828125,5631.266220623612,5333.140361884715,5382.828005007865,181804000
2019-12-19,5465.640625,5565.015909090909,5457.359351325757,5548.453361742424,74171000
2019-12-20,5515.32861328125,5581.578806834178,5473.922242310669,5531.891161669481,99453000
2019-12-23,5515.32861328125,5573.297532640062,5507.047339087134,5531.891161669481,46558500
2019-12-26,5531.89111328125,5569.156846828803,5515.328565037893,5515.328565037893,38188500
2019-12-27,5544.3125,5548.453136669155,5523.60931665422,5523.60931665422,29945000
2019-12-30,5536.03173828125,5565.016197643979,5523.609827125794,5531.891101229431,61168000
2020-01-02,5540.1728515625,5614.704324901906,5531.891576747011,5544.313488970245,49445000
2020-01-03,5631.265625,5631.265625,5569.156077665441,5589.859260110294,47755500
2020-01-06,5577.4384765625,5589.860388537027,5540.172740638919,5565.016564587973,27300000
2020-01-07,5581.57861328125,5606.422435002086,5573.297339374304,5577.437976327777,45022500
2020-01-08,5531.89111328125,5585.71939507216,5523.6098391595715,5523.6098391595715,53692500
2020-01-09,5581.57861328125,5594.000524141668,5573.297339374304,5581.57861328125,40363500
2020-01-10,5569.1572265625,5651.969973425883,5556.735314532993,5602.282325307853,73362000
2020-01-13,5585.71923828125,5598.141149115086,5577.4379643920265,5581.578601336639,67855000
2020-01-14,5689.23486328125,5701.656773463087,5581.578308371998,5585.718945099276,93582000
2020-01-15,5660.25,5846.578639356254,5631.265544989027,5689.234455010973,75623500
2020-01-16,5672.671875,5705.796966240876,5627.124874543796,5635.406147354015,88931500
2020-01-17,5693.3759765625,5705.797887784091,5631.266420454545,5664.391517045454,38249500
2020-01-20,5660.25,5776.187820043891,5656.109363569861,5755.484637893196,93554500
2020-01-21,5656.1103515625,5709.938634556872,5651.969714409087,5701.657360250046,103984500
2020-01-22,5664.390625,5709.93762563962,5660.249988578216,5676.81253426535,94311500
2020-01-23,5664.390625,5709.93762563962,5656.109352156433,5701.6563527960525,87728000
2020-01-24,5639.5478515625,5697.516772209985,5639.5478515625,5647.829125940712,69653500
2020-01-27,5664.390625,5747.203353435672,5643.687442891081,5685.093807108918,39679000
2020-01-28,5622.9853515625,5668.532361037602,5594.000890987436,5660.251086587583,82615000
2020-01-29,5618.84375,5668.531388172439,5606.42184045689,5631.26565954311,43821000
2020-01-30,5581.57861328125,5668.531989304177,5573.297339374304,5668.531989304177,71990000
2020-01-31,5366.265625,5635.407033661266,5366.265625,5631.266396604939,163136500
2020-02-03,5333.140625,5453.219101805124,5275.171705163043,5366.265722049689,149797000
2020-02-04,5465.640625,5482.203172348485,5399.39043560606,5440.796803977273,113316500
2020-02-05,5573.29736328125,5614.703732993592,5507.047171741502,5614.703732993592,123002500
2020-02-06,5581.57861328125,5614.703708909032,5531.890969839577,5581.57861328125,154693500
2020-02-07,5598.140625,5614.70317122781,5552.593622873521,5556.734259430474,82609000
2020-02-10,5618.84375,5618.84375,5490.484018054532,5598.1405674281505,66578500
2020-02-11,5614.7041015625,5618.84473880554,5585.719640861219,5618.84473880554,77526500
2020-02-12,5631.265625,5631.265625,5598.140533088235,5631.265625,69971500
2020-02-13,5622.9853515625,5647.829174912556,5581.578979312409,5647.829174912556,49737000
2020-02-14,5531.89111328125,5627.125765680553,5527.750476220411,5614.703854498035,147028500
2020-02-17,5565.01513671875,5589.858954293387,5531.8900466192335,5531.8900466192335,115319000
2020-02-18,5544.3125,5565.01568334578,5523.60931665422,5536.0312266616875,98436500
2020-02-19,5544.3125,5598.140776699029,5519.468679985063,5519.468679985063,74594000
2020-02-20,5461.50048828125,5544.313232606971,5436.656664983534,5540.172595390684,136724500
2020-02-21,5478.0625,5515.328231292518,5461.499952758882,5465.640589569161,98261000
2020-02-24,5403.53125,5465.640804597701,5391.10933908046,5436.656345785441,84910000
2020-02-25,5407.671875,5432.515696784073,5391.10932714395,5424.234422856049,86446500
2020-02-26,5316.5771484375,5411.81178583163,5316.5771484375,5382.827330972547,92824500
2020-02-27,5208.9208984375,5362.124454273897,5134.3894388414155,5357.98381762967,129254500
2020-02-28,5208.9208984375,5208.9208984375,4997.748429581926,5134.3894388414155,169946500
2020-03-02,5035.01416015625,5208.920899240594,4997.748430352462,5208.920899240594,144871500
2020-03-03,5233.76513671875,5258.608958570263,5134.389849312697,5134.389849312697,114663500
2020-03-04,5333.140625,5382.828270574534,5184.077688276398,5229.62469671972,83025000
2020-03-05,5328.9990234375,5415.952387456294,5250.326932182401,5415.952387456294,77583000
2020-03-06,5134.3896484375,5258.608752835182,5134.3896484375,5258.608752835182,77835500
2020-03-09,4790.716796875,5001.889274524633,4790.716796875,4968.764179991357,140889500
2020-03-10,4906.65478515625,4977.045613297732,4836.2639570147685,4836.2639570147685,133667000
2020-03-11,4844.544921875,4952.2014756944445,4794.857281650641,4927.357655582266,93204500
2020-03-12,4604.38818359375,4670.638373285747,4521.575446478754,4637.513278439748,129845500
2020-03-13,4604.38818359375,4604.38818359375,4604.38818359375,4604.38818359375,0
2020-03-16,4604.38818359375,4604.38818359375,4604.38818359375,4604.38818359375,0
2020-03-17,4240.01171875,4558.840724945068,4240.01171875,4550.559452056885,212200000
2020-03-18,4140.63671875,4455.325109375,3946.0267929687498,4240.012,180053500
2020-03-19,3850.791259765625,4136.4951274256555,3850.791259765625,4136.4951274256555,264419000
2020-03-20,3921.1826171875,4459.465341827811,3581.650437029765,3809.3854359160505,335132000
2020-03-23,3668.603515625,4140.636022150113,3647.900335514249,3941.885493086907,217843500
2020-03-24,3726.57275390625,4136.495756835938,3685.1663899739583,3685.1663899739583,253971000
2020-03-26,4372.51318359375,4467.747845736417,3850.792860551314,3850.792860551314,331633000
2020-03-27,4562.98193359375,4881.810979770446,4434.622187730405,4438.762824693738,269683000
2020-03-30,4550.56005859375,4600.247702545638,4268.996742866385,4538.138147605779,159964500
2020-03-31,4575.4033203125,4728.606870404412,4542.278228400735,4687.200505514706,182638500
2020-04-01,4538.1376953125,4761.732070811474,4492.590692896042,4604.38788064553,152831500
2020-04-02,4480.1689453125,4529.85658611079,4438.762577980591,4529.85658611079,136623500
2020-04-03,4550.56005859375,4579.544517565685,4442.9034966979925,4521.575599621816,110506000
2020-04-06,4749.3115234375,4753.452161208587,4550.560910425294,4571.264099280732,78184000
2020-04-07,4683.0595703125,5051.576194324713,4620.950026939655,4749.309749910201,149153500
2020-04-08,4666.498046875,4687.201232531056,4538.138295807454,4683.060595399845,106111500
2020-04-09,4633.37255859375,4716.185294225453,4554.700459743633,4637.513195375335,89997000
2020-04-13,4554.70068359375,4649.93533425071,4538.138135653408,4587.825779474431,58043000
2020-04-14,4567.12158203125,4629.231123038021,4509.152677091597,4558.840309897014,95796000
2020-04-15,4542.27880859375,4662.357282111725,4509.15371245086,4567.122630700917,95342000
2020-04-16,4339.38720703125,4571.262859315363,4293.840203904014,4542.278402779849,176990500
2020-04-17,4492.59130859375,4509.15385719686,4372.512831221198,4389.075379824309,160935500
2020-04-20,4434.6220703125,4554.700539069795,4413.918886044001,4496.7316231179975,90744000
2020-04-21,4347.00830078125,4511.284777264263,4347.00830078125,4511.284777264263,73431000
2020-04-22,4334.37158203125,4410.19149308719,4250.127236413538,4347.008233873907,107263500
2020-04-23,4313.31005859375,4418.6154799461365,4313.31005859375,4363.8566608428955,105419500
2020-04-24,4144.82177734375,4330.159336493268,4144.82177734375,4313.310467479675,131149500
2020-04-27,4178.51806640625,4229.064655919228,4090.0615347585367,4161.669203235257,151103500
2020-04-28,4069.001708984375,4191.156004595707,4047.940623534145,4178.519353325569,180488000
2020-04-29,4085.85009765625,4085.85009765625,4043.7279317010307,4064.7890146786403,121161000
2020-04-30,4355.431640625,4422.827101214942,4111.12309598646,4111.12309598646,174081000
2020-05-04,4397.5546875,4464.950161637931,4212.21713362069,4338.583647629311,114497500
2020-05-05,4452.31396484375,4498.648358044584,4380.706266260643,4397.555136515492,118643500
2020-05-06,4511.28466796875,4523.921319699755,4464.950278288399,4477.586930019404,86395500
2020-05-08,4418.61474609375,4549.193446883937,4338.582639157828,4502.859069184193,123028000
2020-05-11,4460.7373046875,4486.0106038642,4418.615139393,4418.615139393,40615500
2020-05-12,4397.5546875,4498.647898706897,4237.490436422414,4498.647898706897,118660000
2020-05-13,4304.88525390625,4355.431851799474,4283.82417145074,4347.00741881727,94973000
2020-05-14,4144.82177734375,4304.886032972879,4132.185125583555,4271.188294945694,131268000
2020-05-15,4031.091064453125,4208.004151921287,3942.634520719044,4144.820906396943,205790000
2020-05-18,4014.24169921875,4081.6371527208485,4001.6050516871064,4043.727210125918,139997500
2020-05-19,3942.635498046875,4178.519673143696,3942.635498046875,4077.426455245059,128504500
2020-05-20,4014.24169921875,4043.727210125918,3951.0584615605326,3976.3317566238193,119158000
2020-05-26,4186.94384765625,4212.217150559608,4022.6673787844256,4022.6673787844256,176076500
2020-05-27,4182.732421875,4212.217947507553,4090.0636270298337,4186.944639822507,151753500
2020-05-28,4460.7373046875,4481.79838733475,4212.216529449953,4212.216529449953,229233000
2020-05-29,4372.28173828125,4460.738305240698,4372.28173828125,4460.738305240698,399414000
2020-06-02,4515.49658203125,4633.438656935051,4414.403374970849,4431.252242814249,181369500
2020-06-03,4869.322265625,4869.322265625,4549.193812175606,4557.618245161116,279673500
2020-06-04,4877.74755859375,5046.236248009769,4717.683303648532,4869.323124122949,236158500
2020-06-05,4822.98828125,4932.505919077511,4705.04620974345,4877.747100163756,88157500
2020-06-08,4970.416015625,4991.47710043697,4848.261723715573,4848.261723715573,173557500
2020-06-09,4890.38427734375,5050.448534483338,4881.959842757456,5004.11414425872,100110000
2020-06-10,4886.171875,4940.930697737069,4713.470972521552,4886.171875,115382500
2020-06-11,4785.078125,4894.5957581426055,4721.894875110035,4844.049158230633,85187500
2020-06-12,4776.65478515625,4785.07922040344,4616.590515459657,4785.07922040344,96044000
2020-06-15,4633.43896484375,4810.352088955966,4633.43896484375,4785.078785511364,100844500
2020-06-16,4852.4736328125,4881.959149678549,4700.833831787109,4700.833831787109,91518500
2020-06-17,4818.77587890625,4886.1713457441,4785.078145487325,4886.1713457441,79800000
2020-06-18,4705.04638671875,4835.625113655438,4705.04638671875,4818.776245663607,68032000
2020-06-19,4696.62255859375,4759.805821713845,4671.349253345712,4717.683646300448,110071000
2020-06-22,4667.13623046875,4768.229434016809,4658.711796839745,4713.470615428278,51590500
2020-06-23,4734.5322265625,4768.2299648298485,4650.287880894129,4692.410053728314,69954000
2020-06-24,4806.1396484375,4852.474035933392,4751.380826851446,4759.805260941608,57333000
2020-06-25,4822.98828125,4839.837148608079,4751.380594978166,4801.927197052401,51415000
2020-06-26,4755.59228515625,4852.47326173605,4751.380068783215,4818.775530751771,57467500
2020-06-29,4780.86572265625,4797.714588639179,4705.045825733067,4751.380207186124,48796500
2020-06-30,4797.71533203125,4835.625286366879,4768.229811992427,4801.927549179653,74474000
2020-07-01,4886.171875,4886.171875,4780.866446659483,4801.927532327586,63959000
2020-07-02,4945.14306640625,4945.14306640625,4852.474286626916,4865.110938415008,75585500
2020-07-03,4945.14306640625,4974.628587245129,4919.869762830068,4945.14306640625,52219000
2020-07-06,4999.9013671875,4999.9013671875,4928.29368122104,4936.718114864153,67800000
2020-07-07,5046.23583984375,5050.448056738444,4970.415935739253,5004.113670896807,74168000
2020-07-08,5223.14892578125,5277.907745164441,5037.811383253528,5046.235817004788,106444500
2020-07-09,5138.90380859375,5256.845863217213,5079.932781282018,5231.5725657979,93543500
2020-07-10,5223.14892578125,5256.84666078629,5122.0557207661295,5138.90458826865,67224000
2020-07-13,5202.087890625,5256.846710526316,5172.602372216599,5248.422276695344,86006000
2020-07-14,5223.14892578125,5223.14892578125,5147.32902201991,5202.0878414031,45616500
2020-07-15,5181.0263671875,5256.846265243902,5181.0263671875,5223.14853277439,61468000
2020-07-16,5206.30029296875,5223.1491612307855,5172.602556444681,5181.026990575698,66520500
2020-07-17,5155.75341796875,5206.300020105698,5088.357948452819,5168.390068502988,73348000
2020-07-20,5172.60302734375,5189.451897139658,5105.207548160119,5155.754157547843,59794500
2020-07-21,5223.14892578125,5252.634443910661,5138.90458826865,5138.90458826865,84159500
2020-07-22,5206.30029296875,5265.271331885872,5164.178122313663,5231.573595361802,44725500
2020-07-23,5223.14892578125,5235.7855764081405,5172.60232327369,5206.30005827873,84026500
2020-07-24,5138.90380859375,5223.148133324795,5138.90380859375,5223.148133324795,58366500
2020-07-27,5138.90380859375,5172.6015384861685,5054.659483862705,5138.90380859375,41972500
2020-07-28,5210.51171875,5223.148368027486,5105.206308104284,5155.752905214228,65279000
2020-07-29,5168.39013671875,5210.512305722163,5138.904618416361,5210.512305722163,50262500
2020-07-30,5256.8466796875,5256.8466796875,5100.994654728816,5168.39012498122,80533500
2020-08-03,5164.17822265625,5252.634782750689,4907.232976667644,5239.9981313086255,137079000
2020-08-04,5231.57421875,5239.998653884863,5164.178737671095,5185.239825508253,79357000
2020-08-05,5227.3603515625,5239.997000276994,5138.90381056104,5223.148135324335,49393000
2020-08-06,5273.6953125,5303.180829422923,5210.512061950879,5235.785362170527,55258500
2020-08-07,5206.30029296875,5294.756851344433,5189.451424706715,5277.9079830823985,43621000
2020-08-10,5155.75341796875,5223.148887484682,5143.116767434513,5206.300020105698,37774500
2020-08-11,5202.087890625,5223.148975202429,5164.177938385628,5172.602372216599,38795500
2020-08-12,5273.6953125,5273.6953125,5189.450978434505,5202.087628544329,35612000
2020-08-13,5307.39306640625,5307.39306640625,5206.299865141369,5273.69533265129,48581000
2020-08-14,5395.8505859375,5395.8505859375,5256.847409250585,5307.394018954918,57316000
2020-08-18,5357.9404296875,5412.6992548336775,5307.39382186026,5395.850385557931,81563500
2020-08-19,5332.66650390625,5400.061973149931,5315.8176365953295,5357.939804872631,58793500
2020-08-24,5320.0302734375,5374.789096521179,5290.544753315518,5341.091359238915,66882500
2020-08-25,5362.1513671875,5374.78801612824,5311.604771424538,5324.241420365279,49211000
2020-08-26,5341.09130859375,5383.213479797171,5311.605788751356,5379.001262676829,42983000
2020-08-27,5560.126953125,5560.126953125,5341.091648910985,5362.15273585464,68326000
2020-08-28,5471.66943359375,5560.125983328522,5412.698400437235,5526.428250096228,52292500
2020-08-31,5286.33251953125,5509.580028324203,5286.33251953125,5475.882291147908,97032000
2020-09-01,5492.73095703125,5492.73095703125,5256.8468055023,5290.544541435007,67446000
2020-09-02,5421.12353515625,5526.4289651320905,5362.15249436978,5492.731227539822,66065000
2020-09-03,5475.8818359375,5475.8818359375,5307.393164062501,5446.396318359375,68208500
2020-09-04,5374.7890625,5433.76010237069,5277.908068426725,5433.76010237069,80613500
2020-09-07,5294.7568359375,5357.940091736277,5223.1491460322195,5336.879006470018,64249500
2020-09-08,5336.87841796875,5357.939500912589,5294.7562520810725,5294.7562520810725,39649000
2020-09-09,5261.05859375,5324.241843474781,5231.5730772117695,5307.392976881505,49285000
2020-09-10,4894.595703125,5239.99746530766,4894.595703125,5239.99746530766,175735000
2020-09-11,4974.6279296875,5033.598963570333,4734.531577450254,4886.171378863251,403032500
2020-09-14,5096.78271484375,5151.541537399922,5042.023892287578,5054.660543646694,138115000
2020-09-15,4936.71826171875,5138.904675167982,4936.71826171875,5088.358071805674,170087000
2020-09-16,4844.0498046875,4945.143018002717,4839.837587466032,4936.718583559783,158565500
2020-09-17,4848.26171875,4932.506057911599,4772.441813504562,4844.04950179192,138796000
2020-09-18,4742.9560546875,4831.412606329096,4692.409453749445,4801.927089115231,316912000
2020-09-21,4721.8955078125,4831.413155629739,4713.47107336502,4751.38102837868,112443000
2020-09-22,4591.3173828125,4688.198391807626,4574.468511682912,4650.288431766055,163442500
2020-09-23,4637.65087890625,4705.046350352663,4570.255407459837,4591.316492286841,100517000
2020-09-24,4587.10400390625,4662.923904797262,4540.769620028409,4574.467353757747,88618500
2020-09-25,4726.107421875,4738.744072735628,4599.740913268716,4616.589781082887,100705000
2020-09-28,4646.0751953125,4797.715002231131,4633.438544735947,4759.8050505014735,93522000
2020-09-29,4637.65087890625,4747.1685200066695,4599.7409262176425,4696.621916421861,117778500
2020-09-30,4566.04296875,4688.197254814345,4566.04296875,4688.197254814345,107377000
2020-10-01,4692.40966796875,4692.40966796875,4616.589763100314,4620.8019800374495,56893000
2020-10-02,4637.65087890625,4688.197482491059,4582.892058356039,4683.985265525658,66848000
2020-10-05,4650.28759765625,4683.98533387115,4599.7409933338995,4646.075380629388,58291000
2020-10-06,4801.92822265625,4814.564875873767,4717.683867872807,4742.95717430784,141955500
2020-10-07,4848.26171875,4848.26171875,4700.834125217202,4717.682993049522,89937500
2020-10-08,4869.322265625,4886.171131596021,4810.351234726428,4877.74669861051,77384500
2020-10-09,4865.10986328125,4865.10986328125,4818.775483630952,4844.048781622024,54250500
2020-10-12,4932.505859375,4949.354726529142,4911.444775432323,4919.869209009394,82918500
2020-10-13,4932.505859375,4936.718076163535,4860.8981739698975,4919.869209009394,48250500
2020-10-14,4970.416015625,4970.416015625,4894.596110301907,4919.869412076271,83117500
2020-10-15,4873.53515625,4953.5672806828,4852.474070872947,4949.35506360739,82067000
2020-10-16,4852.4736328125,4877.746932983398,4827.200332641602,4873.534716288249,89051500
2020-10-19,4970.416015625,4970.416015625,4810.351771054025,4844.049506753178,56871500
2020-10-20,4890.38427734375,4953.567536740956,4873.535408171161,4953.567536740956,74995500
2020-10-21,4869.322265625,4940.929946001838,4827.200100697448,4936.717729509083,77944000
2020-10-22,4886.171875,4886.171875,4806.139749461207,4835.625269396552,96872500
2020-10-23,4860.89794921875,4919.868981531628,4844.049082843641,4919.868981531628,66328000
2020-10-26,4898.80810546875,4915.656972555487,4822.988203578434,4822.988203578434,70452500
2020-10-27,4877.74755859375,4911.445296476953,4848.262037945947,4898.808644770753,89482000
2020-11-02,4903.02001953125,4907.232236042874,4818.7756892987545,4852.473421391753,151006500
2020-11-03,4961.99169921875,4966.203916280905,4915.657311535044,4919.869528597199,78152000
2020-11-04,4903.02001953125,5004.113215810245,4873.534503949876,4970.415483717246,78626000
2020-11-05,5181.0263671875,5206.299666539634,4970.415539253048,4970.415539253048,161090000
2020-11-06,5307.39306640625,5307.39306640625,5105.206663876488,5189.450998263889,137303500
2020-11-09,5294.7568359375,5391.637828162291,5235.785797191975,5307.393487097255,82739500
2020-11-10,5459.03369140625,5560.126907913773,5374.789344316648,5387.425996380088,191073500
2020-11-11,5509.580078125,5530.641164050555,5459.03347190367,5509.580078125,131383500
2020-11-12,5408.4853515625,5471.668591650847,5395.848703544831,5400.06091955072,83082500
2020-11-13,5383.21337890625,5433.7599834030225,5324.242340326682,5408.486681154636,82374500
2020-11-16,5459.03369140625,5463.24590876073,5379.001561671127,5463.24590876073,54905000
2020-11-17,5518.00390625,5530.6405564169845,5467.457305582061,5475.881739026718,119784000
2020-11-18,5534.8525390625,5539.064755606688,5509.579239797375,5518.003672885749,99789000
2020-11-19,5572.76318359375,5593.824268943688,5488.518842193996,5492.731059263983,147346500
2020-11-20,5560.126953125,5602.24912701231,5518.004779237689,5593.824692234848,68468500
2020-11-23,5560.126953125,5568.551387902462,5518.004779237689,5560.126953125,75265500
2020-11-24,5530.640625,5560.126142421935,5513.791757901751,5560.126142421935,72349500
2020-11-25,5400.06201171875,5547.489601742273,5374.78871057186,5543.277384884458,170140500
2020-11-26,5459.03369140625,5467.45812611521,5307.393866644965,5349.5160401897665,64339000
2020-11-27,5379.00146484375,5467.458027695527,5374.789247565094,5459.033593138214,87361500
2020-11-30,5227.3603515625,5391.636784850927,5168.389324228193,5379.000136136432,393091500
2020-12-01,5387.42578125,5421.123518740227,5239.998179730258,5239.998179730258,114563500
2020-12-02,5433.759765625,5463.245283733043,5341.090994428295,5442.1841993701555,93897500
2020-12-03,5442.1845703125,5496.9433933884,5412.6990501947075,5475.882307589977,98210000
2020-12-04,5383.21337890625,5446.396634527216,5357.940076657864,5442.184417485818,64995500
2020-12-07,5492.73095703125,5543.277560930311,5459.0332210985425,5475.882089064896,96636000
2020-12-08,5467.45751953125,5492.730820854199,5412.698699998195,5492.730820854199,70561500
2020-12-10,5555.84521484375,5576.9701015922055,5526.270373395912,5568.5201468928235,151420500
2020-12-11,5691.04296875,5729.06775473274,5572.743634581478,5576.968610801781,214160000
2020-12-14,5762.86767578125,5771.317628385034,5741.742794271788,5745.96777057368,179785500
2020-12-15,5737.51806640625,5830.467549072625,5581.193936467346,5771.317878284932,164024500
2020-12-16,5872.71728515625,5872.71728515625,5779.767802945144,5796.667708801709,138674000
2020-12-17,5860.04248046875,5914.967175671413,5762.868019725576,5885.392339793056,91920000
2020-12-18,5745.96875,5860.043129595588,5707.94395680147,5860.043129595588,147238500
2020-12-21,5771.318359375,5822.01808141929,5745.968498352855,5822.01808141929,93692500
2020-12-22,5674.14306640625,5762.86756707232,5669.918090184056,5695.267947517219,61790500
2020-12-23,5682.59375,5834.692913568773,5593.869237918216,5834.692913568773,76948000
2020-12-28,5729.068359375,5762.868172704646,5627.668919386062,5737.5183127074115,60234000
2020-12-29,5716.39306640625,5754.417853987666,5695.2681844165745,5724.843019202121,34212500
2020-12-30,5720.6181640625,5745.968022987445,5661.468493237629,5745.968022987445,52675500
2021-01-04,5775.54248046875,5792.442385312843,5678.368027615215,5745.967646991588,47937000
2021-01-05,5991.0166015625,5991.0166015625,5788.217732116097,5796.6676850096965,104831000
2021-01-06,5868.49267578125,5978.34207072028,5813.567978311736,5957.2171870781585,89753500
2021-01-07,5885.392578125,5957.21718245244,5838.91783414842,5914.967415201005,71360000
2021-01-08,5957.21728515625,5982.567145944149,5893.842633186502,5944.5423547623,75033500
2021-01-11,6206.4912109375,6219.166141933288,6037.49213099366,6041.717107992256,169034500
2021-01-12,6050.1669921875,6236.06597798097,6050.1669921875,6206.491139332009,95235000
2021-01-13,6016.36669921875,6147.340974271967,5974.116933072551,6121.991114584248,76581500
2021-01-14,5931.8671875,5991.016860309829,5910.742304353632,5957.217047275641,89319500
2021-01-15,5876.94287109375,5999.467201260334,5779.768402340941,5995.242224358038,89853500
2021-01-18,6016.36669921875,6020.59167583337,5783.992985414655,5876.942470936293,86343000
2021-01-19,5995.24169921875,6016.366581879845,5919.192121638808,6016.366581879845,73777000
2021-01-20,5995.24169921875,6164.2407605075105,5974.1168165576555,6054.391370669816,107216000
2021-01-21,5978.341796875,6168.465740945229,5965.666867270318,6151.565834805653,66428000
2021-01-22,5982.56689453125,6050.166520458157,5978.341917910818,5978.341917910818,80829000
2021-01-25,5944.5419921875,6083.966218017057,5914.967156405472,6083.966218017057,76836500
2021-01-26,5762.86767578125,5914.966822649377,5762.86767578125,5876.942035932345,98658000
2021-01-27,5737.51806640625,5855.817407981636,5665.693466164051,5762.867925315261,97920000
2021-01-28,5830.46728515625,5851.5921666242075,5737.517806697237,5737.517806697237,104627000
2021-01-29,5712.16845703125,5914.967337162537,5712.16845703125,5830.467803774501,132762500
2021-02-01,5762.86767578125,5847.367201819098,5572.743742196091,5712.167960158541,113129000
2021-02-02,5745.96875,5898.067922794117,5745.96875,5885.392991727941,86741000
2021-02-03,5767.0927734375,5914.966947115384,5767.0927734375,5914.966947115384,67291000
2021-02-04,5792.443359375,5914.967690098468,5775.5434516890045,5847.368059354486,80950500
2021-02-05,5843.14306640625,5872.7179047756235,5792.443343487324,5805.118274217055,51602000
2021-02-08,5847.36767578125,5961.442045178716,5813.567862626445,5957.217068534366,45604000
2021-02-09,5898.06689453125,5940.316657386058,5876.942013103846,5914.966799673173,75574000
2021-02-10,5847.36767578125,5957.217068534366,5830.467769203848,5957.217068534366,44984500
2021-02-11,5813.5673828125,5902.291885021121,5779.767572447311,5902.291885021121,36926000
2021-02-15,5745.96875,5822.018336397059,5678.369117647058,5771.318612132352,83922000
2021-02-16,5864.26708984375,5868.492066133263,5771.317611474468,5813.567374369596,47221000
2021-02-17,5830.46728515625,5881.167000679347,5788.217522220335,5822.017332569067,66011500
2021-02-18,5691.04296875,5830.467184020044,5691.04296875,5788.217421817,91204000
2021-02-19,5767.0927734375,5788.217655391483,5712.168080357143,5729.067985920329,70487500
2021-02-22,5737.51806640625,5864.267360951307,5737.51806640625,5830.467549072625,68913000
2021-02-23,5767.0927734375,5783.992679000687,5724.8430095295325,5762.867797046703,58360000
2021-02-24,5682.59375,5775.543238847584,5682.59375,5767.093285315985,71869000
2021-02-25,5665.69384765625,5720.618545657392,5644.568963809657,5695.26868504148,78688000
2021-02-26,5669.91845703125,5754.417986942297,5614.99376258907,5665.693480535698,173631500
2021-03-01,5952.9921875,5952.9921875,5745.968328601845,5771.318188875089,205539000
2021-03-02,5927.64208984375,6050.166409591055,5914.967160214718,6016.366597246971,81446500
2021-03-03,5914.9677734375,5986.792382114955,5914.9677734375,5969.892474190848,84470000
2021-03-04,5678.36865234375,5914.967346191406,5678.36865234375,5834.692789350237,120802500
2021-03-05,5745.96875,5851.59317555147,5678.369117647058,5678.369117647058,111871500
2021-03-08,5678.36865234375,5872.717579432896,5678.36865234375,5872.717579432896,90883000
2021-03-09,5581.19384765625,5674.143328843561,5576.968871238645,5661.468399590746,135582000
2021-03-10,5665.69384765625,5678.368777964206,5593.8692425778345,5678.368777964206,50302000
2021-03-12,5716.39306640625,5813.567523558758,5674.143302426898,5809.342547160823,74328000
2021-03-15,5631.8935546875,5762.867823401163,5631.8935546875,5758.642846991045,57416000
2021-03-16,5598.09375,5669.918349056604,5593.868773584906,5669.918349056604,70755500
2021-03-17,5585.41943359375,5631.894179259054,5581.194456715087,5619.2192486230615,71474500
2021-03-18,5665.69384765625,5678.368777964206,5585.419289039197,5593.8692425778345,70067500
2021-03-19,5712.16845703125,5720.618410370053,5598.094086957401,5720.618410370053,125853000
2021-03-22,5593.86865234375,5644.56836822602,5585.418699696705,5610.76855763784,67523500
2021-03-23,5547.3935546875,5678.367812261996,5538.9436025859195,5678.367812261996,127762500
2021-03-24,5441.76953125,5534.719010821041,5424.869625873447,5505.144176412073,152050000
2021-03-25,5382.619140625,5441.768801510989,5348.819334404435,5407.968995290424,119101500
2021-03-26,5420.6455078125,5445.995369891125,5323.471036511107,5382.6207146945635,134467500
2021-03-29,5374.1708984375,5505.1451892013065,5374.1708984375,5416.420669651631,113370500
2021-03-30,5403.74462890625,5454.444343954628,5382.619747636093,5382.619747636093,83115500
2021-03-31,5251.646484375,5403.745658500101,5192.496805548572,5399.52068144107,223390500
2021-04-01,5260.09521484375,5298.119999529367,5200.945549777234,5251.645262691391,112286000
2021-04-05,5200.9462890625,5315.020659334383,5200.9462890625,5281.220845920491,73311500
2021-04-06,5209.396484375,5213.621461247973,5137.571877534469,5184.046623137166,80215000
2021-04-07,5281.22021484375,5302.3450957031255,5184.045762890625,5200.945667578125,107908000
2021-04-08,5256.71533203125,5325.262557224812,5248.146928882055,5312.409952501019,123697500
2021-04-09,5312.41015625,5415.230997983871,5265.283937121975,5410.94679624496,116961000
2021-04-12,5196.7353515625,5393.808580063634,5192.45115094291,5393.808580063634,110411500
2021-04-13,5141.04150390625,5192.451918945312,5123.904698893229,5183.883516438802,119211500
2021-04-14,5402.37744140625,5402.37744140625,5192.451593167625,5231.00940202778,135519500
2021-04-15,5380.95654296875,5406.661749384206,5295.272521583897,5402.377548314963,102686500
2021-04-16,5376.671875,5458.0716882470115,5325.261466633466,5458.0716882470115,79293500
2021-04-19,5372.388671875,5380.9570748604465,5338.115059933213,5376.672873367723,47095000
2021-04-20,5342.39892578125,5355.251529451934,5299.556913545634,5312.40951721632,72721000
2021-04-21,5282.4208984375,5333.831320806721,5282.4208984375,5312.410311486213,68397000
2021-04-22,5325.26318359375,5376.673608535926,5295.273769044147,5312.410577358206,63758000
2021-04-23,5475.20947265625,5479.4936741215515,5333.830824301276,5380.9570404196,108498500
2021-04-26,5385.24072265625,5483.777346857598,5380.956521604017,5479.493145805365,108742000
2021-04-27,5488.06201171875,5513.767220204552,5445.219997575747,5458.072601818648,132650000
2021-04-28,5415.22998046875,5488.061396345308,5410.945779534835,5483.777195411392,87660000
2021-04-29,5492.34619140625,5535.188205379778,5449.504177432723,5535.188205379778,57355000
2021-04-30,5488.06201171875,5526.6198244474535,5466.641004647248,5526.6198244474535,65829500
2021-05-03,5475.20947265625,5552.32509903169,5436.65165946853,5552.32509903169,42065500
2021-05-04,5483.77734375,5509.482550048828,5432.366931152344,5440.935333251953,50123500
2021-05-05,5505.19873046875,5509.482931815418,5483.7777237354085,5500.914529122081,51685000
2021-05-06,5505.19873046875,5526.6197372020915,5483.7777237354085,5483.7777237354085,38115500
2021-05-07,5483.77734375,5535.187756347656,5470.924740600586,5535.187756347656,48864000
2021-05-10,5500.91455078125,5500.91455078125,5479.4935439635665,5483.777745327103,68180500
2021-05-11,5552.32421875,5552.32421875,5402.377191237461,5483.777006172839,70680000
2021-05-17,5569.4619140625,5569.4619140625,5462.3568772536055,5569.4619140625,129058500
2021-05-18,5475.20947265625,5530.904091705179,5453.788465329739,5483.777875586854,73563000
2021-05-19,5436.6513671875,5483.777580772262,5428.082964717543,5466.6407758323485,64912500
2021-05-20,5466.6416015625,5513.767822265625,5440.936390269886,5475.210005326704,64950000
2021-05-21,5449.50439453125,5526.620022755749,5363.820363170696,5526.620022755749,92620000
2021-05-24,5419.515625,5466.641847826087,5389.526210474308,5445.220837450593,59210000
2021-05-25,5445.21923828125,5518.0506521685675,5398.093029295338,5398.093029295338,87470000
2021-05-27,5372.388671875,5552.325134569378,5372.388671875,5518.051522627591,537971500
2021-05-28,5432.36669921875,5458.0719044201005,5423.7982974849665,5423.7982974849665,102108500
2021-05-31,5462.35693359375,5475.209538143383,5419.514918428309,5449.504329044118,101442000
2021-06-02,5539.47119140625,5582.313195980158,5500.913387289733,5569.460594607985,141732500
2021-06-03,5655.14599609375,5655.14599609375,5509.483144679214,5565.177764337714,133810500
2021-06-04,5638.0087890625,5672.282398722455,5569.461569742592,5672.282398722455,62108500
2021-06-07,5595.16650390625,5629.440111893424,5509.482483938314,5620.871709896631,62576000
2021-06-08,5509.482421875,5633.724249428946,5509.482421875,5633.724249428946,64348000
2021-06-09,5595.16650390625,5599.450704904647,5449.503669960758,5449.503669960758,77198000
2021-06-10,5672.2822265625,5672.2822265625,5560.892998548433,5616.587612555466,73262500
2021-06-11,5543.7568359375,5638.009270551584,5535.188432790766,5629.44086740485,72780500
2021-06-14,5492.34619140625,5586.598622148011,5483.777788611545,5586.598622148011,61478500
2021-06-15,5543.7568359375,5543.7568359375,5488.062215483723,5522.3358280706625,87799000
2021-06-16,5470.9248046875,5513.766815687402,5449.503799187549,5500.914212387432,48984000
2021-06-17,5423.79931640625,5475.209736466973,5376.673098017254,5475.209736466973,68448500
2021-06-18,5419.515625,5436.652433300395,5380.957806324111,5398.094614624506,118043000
2021-06-21,5355.251953125,5398.09396875,5320.978340625,5398.09396875,60823500
2021-06-22,5432.36669921875,5475.2087078876675,5346.682681880915,5355.2510836146985,65824000
2021-06-23,5338.11474609375,5432.367173392356,5338.11474609375,5393.809362224744,52451000
2021-06-24,5320.97802734375,5406.662053548964,5312.409624723229,5406.662053548964,56010000
2021-06-25,5303.84130859375,5363.820127915489,5303.84130859375,5338.114919634743,68939500
2021-06-28,5188.16796875,5269.567796500825,5188.16796875,5226.7257818951275,84420500
2021-06-29,5179.599609375,5218.157422844292,5175.315407878412,5183.883810871588,53704000
2021-06-30,5162.462890625,5201.020704745851,5141.041882780083,5141.041882780083,65795000
2021-07-01,5162.462890625,5205.304906314834,5141.041882780083,5192.452301607884,58153000
2021-07-02,5226.72509765625,5260.998704853996,5175.314686859631,5201.019892257941,67392500
2021-07-05,5235.2939453125,5252.430750370806,5201.020335195888,5226.725542783347,39710500
2021-07-06,5188.16796875,5235.294184816267,5188.16796875,5235.294184816267,34279500
2021-07-07,5196.7353515625,5295.271965813066,5166.74594722537,5295.271965813066,35595000
2021-07-08,5153.89404296875,5175.315048966126,5123.904634572423,5141.041439370324,47297000
2021-07-09,5158.1787109375,5158.1787109375,5132.473501414555,5149.610307763185,40707500
2021-07-12,5286.70458984375,5295.272992744631,5158.1785463305305,5201.020560834937,65981500
2021-07-13,5179.599609375,5290.98884828629,5153.894400395471,5286.704646789703,65946500
2021-07-14,5132.47314453125,5166.746754845315,5123.904741952734,5158.178352266799,59321000
2021-07-15,5239.57763671875,5239.57763671875,5136.75681637431,5141.0410172219945,49724000
2021-07-16,5235.2939453125,5286.704360487418,5188.167731402158,5286.704360487418,47998500
2021-07-19,5145.326171875,5235.29440635408,5145.326171875,5235.29440635408,47119000
2021-07-21,5149.60986328125,5243.862290063436,5149.60986328125,5183.883473020227,55009500
2021-07-22,5273.8515625,5273.8515625,5183.883339256702,5239.57795364541,60792000
2021-07-23,5171.03125,5303.841497514499,5162.462846934549,5295.273094449048,79938000
2021-07-26,5145.326171875,5192.45238993547,5145.326171875,5175.315583368027,48171500
2021-07-27,5145.326171875,5192.45238993547,5141.041970233139,5145.326171875,53107500
2021-07-28,5123.904296875,5149.609502377717,5115.335895040761,5145.325301460597,74133000
2021-07-29,5175.31591796875,5213.873735238384,5123.90549494257,5188.168523725295,84605000
2021-07-30,5115.3359375,5226.725162269681,5106.767535594639,5175.3147508375205,105685000
2021-08-02,5106.76806640625,5196.736295764078,5059.64185102834,5192.452094366086,119981500
2021-08-03,5265.28271484375,5295.272120054415,5128.188291023571,5162.461896978616,110071500
2021-08-04,5243.8623046875,5269.567512063419,5192.451889935662,5265.283310834099,41112000
2021-08-05,5398.09326171875,5406.661663721478,5260.998829675099,5286.704035683284,93768000
2021-08-06,5278.1357421875,5449.503785765016,5256.71473674031,5449.503785765016,67285000
2021-08-09,5312.41015625,5312.41015625,5231.010323210685,5256.715533644153,52858500
2021-08-10,5398.09326171875,5398.09326171875,5239.5778246682785,5355.251251705109,60446000
2021-08-12,5398.09326171875,5415.230065724207,5243.862025669643,5243.862025669643,118325500
2021-08-13,5492.34619140625,5513.767198393014,5419.514767651253,5440.935774638017,86929000
2021-08-16,5500.91455078125,5500.91455078125,5402.377919419904,5500.91455078125,69282000
2021-08-18,5655.14599609375,5792.240444483902,5535.188353752367,5586.598771898674,186354500
2021-08-19,5655.14599609375,5655.14599609375,5595.167174923059,5655.14599609375,100926000
2021-08-20,5655.14599609375,5655.14599609375,5578.03036887429,5655.14599609375,120163500
2021-08-23,5646.5771484375,5646.5771484375,5582.314130814919,5582.314130814919,68253000
2021-08-24,5655.14599609375,5655.14599609375,5569.461965849906,5629.440787020597,59561500
2021-08-25,5655.14599609375,5659.430197605942,5642.293391557174,5655.14599609375,80751500
2021-08-26,5620.8720703125,5638.008875404917,5543.756447396628,5620.8720703125,74337000
2021-08-27,5578.0302734375,5595.167079193068,5560.893467681932,5560.893467681932,71572500
2021-08-30,5625.15625,5638.008853769992,5586.598438690023,5595.166841203351,74564500
2021-08-31,5612.30419921875,5629.441005933922,5582.3147874671995,5586.598989145992,115373500
2021-09-01,5625.15625,5655.145658796649,5599.451042460015,5612.303646230008,67362500
2021-09-02,5603.73583984375,5633.725251830681,5530.904410732631,5590.883234706494,53257000
2021-09-03,5655.14599609375,5655.14599609375,5582.314570386482,5620.872383996212,35764500
2021-09-06,5633.72509765625,5659.430307227305,5612.30408968037,5655.14610563213,36780000
2021-09-07,5629.43994140625,5659.429347486801,5629.43994140625,5650.8609457495,53902000
2021-09-08,5518.0517578125,5650.862009747428,5500.914951111219,5612.304194669546,77888000
2021-09-09,5629.43994140625,5629.43994140625,5492.345513609446,5492.345513609446,110074000
2021-09-10,5586.5986328125,5625.156445462279,5565.177625784845,5565.177625784845,41483500
2021-09-13,5616.587890625,5620.872091914569,5590.882682887585,5620.872091914569,29929000
2021-09-14,5608.01953125,5650.861544475745,5565.177518024256,5646.577343153171,51990500
2021-09-15,5565.177734375,5612.3039507553885,5556.609331396748,5608.019749266263,44514000
2021-09-16,5569.4619140625,5638.009137620193,5552.325108173077,5638.009137620193,58672500
2021-09-17,5586.5986328125,5599.451237029093,5552.325021568252,5560.893424379314,117540000
2021-09-20,5642.29345703125,5646.577658593157,5578.030433602648,5629.4408523455295,73157500
2021-09-21,5560.8935546875,5599.451368240803,5543.756748663809,5578.03036071119,57115500
2021-09-22,5616.587890625,5638.008897072845,5569.461676439741,5569.461676439741,68722000
2021-09-23,5638.0087890625,5646.577191477489,5608.01938061004,5616.587783025028,60998500
2021-09-24,5642.29345703125,5642.29345703125,5569.462030478834,5569.462030478834,60539500
2021-09-27,5638.0087890625,5650.861392684983,5616.587783025028,5642.292990269994,55052500
2021-09-28,5586.5986328125,5620.872244056749,5569.4618271903755,5603.7354384346245,80186000
2021-09-29,5638.0087890625,5638.0087890625,5582.314173365074,5586.598374572568,74079000
2021-09-30,5997.8818359375,5997.8818359375,5650.861529715401,5655.145731026785,156848000
2021-10-01,5792.240234375,5912.1978723650145,5749.3982208071375,5912.1978723650145,103954500
2021-10-04,5963.60791015625,5963.60791015625,5775.103062421426,5775.103062421426,74719000
2021-10-05,5950.75537109375,5950.75537109375,5877.923951865101,5920.765963176071,54986500
2021-10-06,6152.11328125,6152.11328125,5972.176820377786,5980.745223276463,174312000
2021-10-07,6134.97607421875,6147.828677726191,6066.428855512395,6147.828677726191,107263500
2021-10-08,6246.36572265625,6254.934125567987,6147.829089171275,6169.250096450617,94643500
2021-10-11,6216.3759765625,6246.365385133098,6194.9549704406445,6203.523372889387,47201000
2021-10-12,6272.0703125,6272.0703125,6207.8072970030735,6216.375699069331,91067000
2021-10-13,6447.72314453125,7068.932351147218,6340.618108907807,6340.618108907807,210893300
2021-10-14,6640.51220703125,6769.038249747984,6511.986164314516,6511.986164314516,138811900
2021-10-15,6554.8271484375,6747.616182215073,6383.45911841299,6683.353170955882,142378200
2021-10-18,6447.72314453125,6576.249187279381,6404.881130281873,6554.828180154693,116644300
2021-10-19,6426.30126953125,6447.722273763021,6297.775244140625,6404.880265299479,134601200
2021-10-21,6340.61767578125,6469.143709749789,6297.775664458404,6426.3016984269425,106120100
2021-10-22,6447.72314453125,6469.144151655938,6362.039116032495,6383.460123157184,96730700
2021-10-25,6447.72314453125,6447.72314453125,6340.618108907807,6340.618108907807,60329800
2021-10-26,6447.72314453125,6511.986165905316,6426.302137406561,6511.986165905316,70103000
2021-10-27,6383.4599609375,6490.564993839136,6362.038954357173,6490.564993839136,57067000
2021-10-28,6319.19677734375,6362.0387893935385,6297.775771318856,6297.775771318856,75271900
2021-10-29,6404.880859375,6404.880859375,6319.196834500418,6383.459853156355,60639200
2021-11-01,6340.61767578125,6469.143709749789,6340.61767578125,6469.143709749789,38593400
2021-11-02,6254.93408203125,6362.0391176824705,6212.092067770762,6319.197103421982,90535400
2021-11-03,6297.7763671875,6340.618383290816,6212.092334980867,6254.934351084184,61621500
2021-11-04,6319.19677734375,6404.880801443326,6319.19677734375,6362.0387893935385,61081400
2021-11-05,6383.4599609375,6404.880967517827,6319.196941196518,6404.880967517827,43120400
2021-11-08,6490.56494140625,6511.985947813531,6383.459909369843,6426.301922184406,85441700
2021-11-09,6576.2490234375,6576.2490234375,6490.564997073494,6511.986003664495,101785800
2021-11-10,6554.8271484375,6576.248152190564,6490.564137178309,6576.248152190564,47503900
2021-11-11,6576.2490234375,6640.512043210505,6511.986003664495,6597.670030028502,55790000
2021-11-12,6447.72314453125,6640.512208653447,6447.72314453125,6640.512208653447,52590100
2021-11-15,6426.30126953125,6533.406290690104,6426.30126953125,6533.406290690104,67344200
2021-11-16,6404.880859375,6404.880859375,6276.354822063127,6340.617840719064,98616900
2021-11-17,6512.3447265625,6512.3447265625,6383.387405244431,6447.866065903465,61968100
2021-11-18,6361.89501953125,6447.86657384924,6361.89501953125,6383.387908110747,78839600
2021-11-19,6383.38818359375,6404.8810731008,6340.402404579651,6383.38818359375,68203700
2021-11-22,6426.37451171875,6469.360294405832,6361.895837688127,6383.388729031668,66328300
2021-11-23,6426.37451171875,6447.8674030622915,6361.895837688127,6361.895837688127,43477500
2021-11-24,6426.37451171875,6512.346077092914,6383.388729031668,6512.346077092914,35181400
2021-11-25,6383.38818359375,6469.359741621949,6383.38818359375,6404.8810731008,40216100
2021-11-26,6254.4306640625,6404.8808862220785,6232.93777518256,6361.8951084621995,113288400
2021-11-29,6361.89501953125,6383.387908110747,6168.459022315773,6254.430576633762,87907900
2021-11-30,6254.4306640625,6383.387997342139,6254.4306640625,6297.416441822379,144923700
2021-12-01,6275.923828125,6404.881167059075,6254.430938302654,6254.430938302654,76538100
2021-12-02,6447.86669921875,6447.86669921875,6275.923587239584,6340.402254231771,66831000
2021-12-03,6340.40185546875,6469.359181342691,6318.908967823093,6469.359181342691,63283700
2021-12-06,6318.91015625,6426.374614689626,6318.91015625,6404.8817230017,56944100
2021-12-07,6318.91015625,6426.374614689626,6318.91015625,6404.8817230017,51258200
2021-12-08,6383.38818359375,6426.3739626078495,6361.895294086701,6404.8810731008,74775000
2021-12-09,6318.91015625,6404.8817230017,6318.91015625,6361.895939625851,54886400
2021-12-10,6340.40185546875,6340.40185546875,6254.430304886123,6297.416080177437,91092400
2021-12-13,6275.923828125,6361.895387414384,6275.923828125,6340.402497592037,59977100
2021-12-14,6275.923828125,6340.402497592037,6254.430938302654,6275.923828125,49763600
2021-12-15,6275.923828125,6340.402497592037,6254.430938302654,6275.923828125,52477600
2021-12-16,6254.4306640625,6361.8951084621995,6254.4306640625,6340.402219582259,95171400
2021-12-17,6447.86669921875,6447.86669921875,6275.923587239584,6297.416476236979,107096800
2021-12-20,6340.40185546875,6361.894743114407,6297.416080177437,6318.908967823093,74753000
2021-12-21,6340.40185546875,6361.894743114407,6297.416080177437,6297.416080177437,52386100
2021-12-22,6297.41650390625,6383.388060273571,6297.41650390625,6383.388060273571,33232000
2021-12-23,6275.923828125,6318.909607769691,6275.923828125,6297.416717947346,37136400
2021-12-24,6275.923828125,6318.909607769691,6275.923828125,6275.923828125,30802100
2021-12-27,6318.91015625,6318.91015625,6275.924372874149,6275.924372874149,20722100
2021-12-28,6318.91015625,6361.895939625851,6297.417264562075,6340.403047937925,39343800
2021-12-29,6275.923828125,6340.402497592037,6275.923828125,6318.909607769691,42079500
2021-12-30,6275.923828125,6318.909607769691,6275.923828125,6318.909607769691,49954700
2022-01-03,6297.41650390625,6361.895171181741,6275.92361481442,6297.41650390625,54287400
2022-01-04,6361.89501953125,6404.880796690245,6297.416353792757,6297.416353792757,70624000
2022-01-05,6404.880859375,6469.359525744547,6340.402193005453,6404.880859375,76164900
2022-01-06,6426.37451171875,6469.360294405832,6383.388729031668,6447.8674030622915,63657100
2022-01-07,6576.82373046875,6619.809506484885,6447.866402420343,6490.852178436478,143433300
2022-01-10,6533.83837890625,6576.824157714844,6490.852600097656,6512.345489501953,45351900
2022-01-11,6619.81005859375,6619.81005859375,6555.331389191863,6576.824278992492,110334600
2022-01-12,6619.81005859375,6619.81005859375,6576.824278992492,6619.81005859375,62606000
2022-01-13,6619.81005859375,6662.795838195008,6576.824278992492,6619.81005859375,50025200
2022-01-14,6748.76708984375,6748.76708984375,6576.823979274483,6619.809756916799,65898700
2022-01-17,6662.79541015625,6791.752740675403,6619.809633316532,6791.752740675403,63902600
2022-01-18,6598.31689453125,6684.288450160321,6490.852449994911,6684.288450160321,71476300
2022-01-19,6598.31689453125,6641.302672345786,6512.345338902178,6576.824005623982,60389700
2022-01-20,6684.28857421875,6684.28857421875,6555.331238381732,6641.302795606411,59925500
2022-01-21,6834.73876953125,6834.73876953125,6619.809877407625,6684.288545044713,63370500
2022-01-24,6705.78125,6748.76702724359,6684.288361378205,6727.274138621795,40278300
2022-01-25,6684.28857421875,6684.28857421875,6555.331238381732,6598.317016994071,106796900
2022-01-26,6619.81005859375,6662.795838195008,6576.824278992492,6619.81005859375,53350200
2022-01-27,6705.78125,6705.78125,6555.3310296474365,6555.3310296474365,71945100
2022-01-28,6684.28857421875,6727.274352831088,6619.809906300241,6705.78146352492,70595000
2022-01-31,6555.3310546875,6684.288386910861,6555.3310546875,6684.288386910861,68122000
2022-02-02,6705.78125,6705.78125,6598.316806891026,6684.288361378205,65308100
2022-02-03,6641.30322265625,6727.274785409082,6619.810331968042,6705.781894720874,35100600
2022-02-04,6641.30322265625,6705.781894720874,6619.810331968042,6662.796113344459,39324700
2022-02-07,6705.78125,6705.78125,6619.809695512821,6684.288361378205,56813200
2022-02-08,6641.30322265625,6748.76767609729,6641.30322265625,6662.796113344459,61883100
2022-02-09,6834.73876953125,6834.73876953125,6705.7814342570755,6748.7672126818,108922200
2022-02-10,6662.79541015625,6834.738517515121,6662.79541015625,6834.738517515121,93277000
2022-02-11,6727.2744140625,6727.2744140625,6576.82418754992,6598.317077051717,71968800
2022-02-14,6619.81005859375,6684.288727995638,6619.81005859375,6662.795838195008,57710700
2022-02-15,6770.259765625,6770.259765625,6641.302436755953,6662.795324900794,55617000
2022-02-16,6856.2314453125,6856.2314453125,6727.274114052704,6748.767002596003,77055100
2022-02-17,6791.7529296875,6813.245818705498,6705.781373615507,6748.767151651503,48704600
2022-02-18,6813.24560546875,6834.738493814078,6748.766940432768,6834.738493814078,56813400
2022-02-21,6834.73876953125,6856.231658743613,6791.752991106525,6813.245880318887,43821700
2022-02-22,6791.7529296875,6834.738707723497,6748.767151651503,6791.7529296875,80095500
2022-02-23,6920.7099609375,6963.695737092391,6770.25974439538,6791.752632472826,99240300
2022-02-24,6877.72412109375,7006.681448364257,6813.245457458496,6985.18856048584,124947700
2022-02-25,6920.7099609375,7028.174401324728,6813.245520550272,6834.738408627717,135899900
2022-03-01,6920.7099609375,7028.174401324728,6877.724184782608,6877.724184782608,136616800
2022-03-02,6856.2314453125,7071.160330745494,6856.2314453125,7071.160330745494,100301000
2022-03-04,6791.7529296875,6899.217374777492,6791.7529296875,6856.231596741495,132983400
2022-03-07,6619.81005859375,6748.767397397524,6619.81005859375,6705.781617796266,130990900
2022-03-08,6576.82373046875,6748.766834533292,6576.82373046875,6619.809506484885,119256500
2022-03-09,6748.76708984375,6834.738645128384,6576.823979274483,6619.809756916799,132814500
2022-03-10,6813.24560546875,6856.231382159405,6705.781163742114,6813.24560546875,86484000
2022-03-11,6834.73876953125,6834.73876953125,6641.302766619988,6641.302766619988,61053900
2022-03-14,6942.203125,6963.696013931889,6834.738680340558,6920.710236068112,78432100
2022-03-15,7006.6826171875,7049.668400115031,6942.203942796204,7006.6826171875,111214500
2022-03-16,7049.66796875,7114.146639195885,6942.20351800686,7114.146639195885,149761300
2022-03-17,6877.72412109375,7135.638775634766,6877.72412109375,7135.638775634766,132439400
2022-03-18,6791.7529296875,6963.6960418314875,6791.7529296875,6877.724485759493,143981700
2022-03-21,6791.7529296875,6834.738707723497,6705.781373615507,6705.781373615507,85485500
2022-03-22,6813.24560546875,6834.738493814078,6770.259828778096,6791.752717123423,60010900
2022-03-23,6791.7529296875,6834.738707723497,6727.274262633505,6813.245818705498,82208000
2022-03-24,6813.24560546875,6834.738493814078,6705.781163742114,6748.766940432768,95245100
2022-03-25,6834.73876953125,6834.73876953125,6791.752991106525,6791.752991106525,85101200
2022-03-28,6895.8408203125,6895.8408203125,6808.551696004747,6830.373977081685,83911500
2022-03-29,6852.19677734375,6895.841342804538,6830.374494613356,6874.019060074143,62180600
2022-03-30,6874.0185546875,6895.840835813492,6830.373992435516,6895.840835813492,71430600
2022-03-31,6961.30810546875,6983.130387931035,6874.018975619612,6917.663540544181,112691900
2022-04-01,6917.6630859375,7048.5967721066645,6852.196242852919,7048.5967721066645,105575400
2022-04-04,6895.8408203125,6917.663101389438,6830.373977081685,6917.663101389438,57321200
2022-04-05,6895.8408203125,6895.8408203125,6852.196258158623,6895.8408203125,48528300
2022-04-06,6764.9072265625,6852.196352066532,6764.9072265625,6830.374070690525,119263000
2022-04-07,6764.9072265625,6830.374070690525,6721.262663810484,6743.084945186492,68619400
2022-04-08,6852.19677734375,6874.019060074143,6786.729929152568,6808.552211882961,69791600
2022-04-11,6743.0849609375,6874.018649499393,6743.0849609375,6830.374086645429,62776200
2022-04-12,6808.552734375,6808.552734375,6721.263596754808,6743.0858811598555,73471300
2022-04-13,6808.552734375,6852.197303185096,6764.908165564903,6808.552734375,57622100
2022-04-14,6721.26318359375,6808.552315848215,6721.26318359375,6808.552315848215,93342900
2022-04-18,6721.26318359375,6743.085466657366,6655.796334402902,6721.26318359375,68464700
2022-04-19,6655.79638671875,6721.26323642418,6655.79638671875,6721.26323642418,98632000
2022-04-20,6677.6181640625,6743.085008808211,6655.795882480596,6743.085008808211,124388800
2022-04-21,6917.6630859375,6917.6630859375,6764.907118740142,6808.5516807965305,129323400
2022-04-22,6874.0185546875,6917.663116939484,6808.551711309524,6852.196273561508,85956100
2022-04-25,6983.13037109375,6983.13037109375,6830.3743942260735,6874.01895904541,91279600
2022-04-26,7092.2412109375,7092.2412109375,6917.662965745192,6917.662965745192,128360900
2022-04-27,7157.708984375,7157.708984375,7048.59756693026,7048.59756693026,89463100
2022-04-28,7092.2412109375,7201.352614182692,7048.596649639423,7201.352614182692,133730600
2022-05-09,6633.9736328125,6895.841013055099,6633.9736328125,6874.018731368215,456796600
2022-05-10,6568.5068359375,6633.9736814784055,6328.461735620847,6328.461735620847,268445700
2022-05-11,6677.6181640625,6721.262727226307,6503.039911407271,6568.506756152981,156535200
2022-05-12,6350.28369140625,6590.328779397551,6350.28369140625,6568.5064986710695,240529600
2022-05-13,6393.9287109375,6524.862404676835,6328.461864067833,6328.461864067833,212968600
2022-05-17,6459.3955078125,6524.862354175465,6350.284097207559,6350.284097207559,159657600
2022-05-18,6612.1513671875,6612.1513671875,6437.573113268359,6546.684521967823,153514300
2022-05-19,6503.04052734375,6524.862810992555,6437.573676397336,6459.395960046141,140908900
2022-05-20,6459.3955078125,6524.862354175465,6459.3955078125,6481.217789933488,86520200
2022-05-23,6437.5732421875,6524.862370895127,6415.750960010593,6503.04008871822,71603500
2022-05-24,6415.75048828125,6524.861891143177,6393.928207708866,6393.928207708866,108710800
2022-05-25,6437.5732421875,6503.04008871822,6415.750960010593,6459.395524364407,76747400
2022-05-27,6612.1513671875,6612.1513671875,6524.86224022793,6568.506803707714,84336900
2022-05-30,6612.1513671875,6633.973648927393,6524.86224022793,6612.1513671875,105411400
2022-05-31,6764.9072265625,6764.9072265625,6568.506694178428,6633.973538306452,286292700
2022-06-02,6612.1513671875,6699.440494147071,6568.506803707714,6655.795930667286,149226300
2022-06-03,6633.9736328125,6699.44047787315,6612.151351125617,6633.9736328125,80563100
2022-06-06,6503.04052734375,6612.151945587772,6481.218243694945,6590.3296619389685,81140300
2022-06-07,6437.5732421875,6524.862370895127,6372.10639565678,6372.10639565678,129242500
2022-06-08,6633.9736328125,6633.9736328125,6481.217661004318,6546.6845060649675,108910500
2022-06-09,6546.6845703125,6612.151416015626,6546.6845703125,6546.6845703125,107828300
2022-06-10,6415.75048828125,6503.039610570791,6415.75048828125,6459.395049426021,111768600
2022-06-13,6415.75048828125,6459.395049426021,6350.283646564095,6372.10592713648,85539500
2022-06-14,6459.3955078125,6459.3955078125,6328.461815086571,6372.1063793285475,80865100
2022-06-15,6393.9287109375,6437.573275517278,6372.10642864761,6372.10642864761,130367100
2022-06-16,6612.1513671875,6633.973648927393,6437.573113268359,6459.395395008251,132666300
2022-06-17,6546.6845703125,6590.329134114584,6481.217724609375,6481.217724609375,117839400
2022-06-20,6655.79638671875,6677.618669953893,6546.684970543032,6633.974103483606,88138700
2022-06-21,6677.6181640625,6677.6181640625,6590.329037734885,6633.973600898693,44295700
2022-06-22,6546.6845703125,6677.618261718751,6546.6845703125,6655.795979817709,53041800
2022-06-23,6568.5068359375,6612.151399631437,6503.0399903965945,6503.0399903965945,60443000
2022-06-24,6524.8623046875,6633.9737144648825,6524.8623046875,6633.9737144648825,57956600
2022-06-27,6415.75048828125,6546.684171715561,6415.75048828125,6524.861891143177,76354100
2022-06-28,6372.10693359375,6459.396069670377,6372.10693359375,6372.10693359375,146078100
2022-06-29,6350.28369140625,6459.39509503866,6350.28369140625,6393.928252859214,98517800
2022-06-30,6328.46240234375,6459.396107219827,6328.46240234375,6372.106970635776,101343900
2022-07-01,6328.46240234375,6393.929254781789,6328.46240234375,6372.106970635776,68738800
2022-07-04,6153.88330078125,6350.283831657248,6110.238738364362,6328.461550448804,102238600
2022-07-05,6328.46240234375,6393.929254781789,6197.528697467672,6197.528697467672,69172900
2022-07-06,6372.10693359375,6393.9292176129065,6262.995513497967,6372.10693359375,66801100
2022-07-07,6197.5283203125,6328.462017220511,6197.5283203125,6306.639734402509,86126800
2022-07-08,6241.1728515625,6262.995134260271,6175.706003469187,6219.350568864729,64312400
2022-07-11,6219.3505859375,6284.817434210526,6219.3505859375,6284.817434210526,36830800
2022-07-12,6262.99462890625,6328.461471717116,6241.172347969294,6262.99462890625,34269000
2022-07-13,6110.23876953125,6219.350176130022,6110.23876953125,6197.527894810268,71988200
2022-07-14,6132.0615234375,6197.528372442171,6110.2392404359425,6132.0615234375,83316300
2022-07-15,6110.23876953125,6197.527894810268,6110.23876953125,6197.527894810268,57419900
2022-07-18,6241.1728515625,6241.1728515625,6132.061438073645,6132.061438073645,60077700
2022-07-19,6262.99462890625,6262.99462890625,6197.527786095383,6197.527786095383,59641000
2022-07-20,6459.3955078125,6459.3955078125,6262.994968723607,6284.817250844595,105792900
2022-07-21,6459.3955078125,6459.3955078125,6328.461815086571,6459.3955078125,64337100
2022-07-22,6393.9287109375,6459.395557807167,6372.10642864761,6459.395557807167,38956500
2022-07-25,6372.10693359375,6437.5737856512205,6372.10693359375,6415.751501632064,31247600
2022-07-26,6372.10693359375,6437.5737856512205,6328.462365555437,6328.462365555437,44379900
2022-07-27,6393.9287109375,6415.750993227389,6350.2841463577215,6393.9287109375,58465500
2022-07-28,6415.75048828125,6503.039610570791,6393.928207708866,6437.572768853635,86909700
2022-07-29,6415.75048828125,6524.861891143177,6415.75048828125,6459.395049426021,131553000
2022-08-01,6546.6845703125,6546.6845703125,6415.75087890625,6415.75087890625,104841600
2022-08-02,6633.9736328125,6655.795914499384,6546.6845060649675,6633.9736328125,106466900
2022-08-03,6655.79638671875,6655.79638671875,6612.151820248463,6655.79638671875,60170600
2022-08-04,6808.552734375,6808.552734375,6677.619027944711,6699.441312349759,164221000
2022-08-05,6874.0185546875,6874.0185546875,6743.084867931548,6830.373992435516,118734200
2022-08-08,6874.0185546875,6917.663116939484,6764.90714905754,6874.0185546875,84328900
2022-08-09,6895.8408203125,6961.307663543314,6874.018539235562,6874.018539235562,92875800
2022-08-10,6895.8408203125,6895.8408203125,6743.084852773932,6808.551696004747,104376300
2022-08-11,6939.48583984375,6939.48583984375,6830.37442726759,6852.196709782823,73204700
2022-08-12,6917.6630859375,6961.307647993888,6852.196242852919,6917.6630859375,59381200
2022-08-15,6939.48583984375,6961.3081223589825,6895.841274813287,6939.48583984375,81411000
2022-08-16,6961.30810546875,6961.30810546875,6852.196693157328,6939.485823006466,83556700
2022-08-18,6983.13037109375,7004.952653503417,6874.01895904541,6895.841241455078,86136900
2022-08-19,6895.8408203125,7026.77450677413,6895.8408203125,7026.77450677413,58194900
2022-08-22,6983.13037109375,6983.13037109375,6830.3743942260735,6852.196676635742,97293300
2022-08-23,6895.8408203125,6983.129944620253,6895.8408203125,6983.129944620253,71671800
2022-08-24,6939.48583984375,7004.9526873894465,6895.841274813287,6939.48583984375,108892400
2022-08-25,7048.59716796875,7070.419450222524,6895.841192192338,6983.130321207431,99503500
2022-08-26,6983.13037109375,7092.24178314209,6983.13037109375,7004.952653503417,80472400
2022-08-29,7114.06396484375,7114.06396484375,6939.485708037769,6983.130272239264,57762100
2022-08-30,7135.88623046875,7223.1753586702025,7048.5971022672975,7070.419384317661,124467000
2022-08-31,7157.708984375,7179.531267863948,7026.775283441311,7048.59756693026,137659900
2022-09-01,7114.06396484375,7201.353093246741,7092.2416827430025,7114.06396484375,74960800
2022-09-02,7179.53076171875,7179.53076171875,7114.063915867211,7114.063915867211,71430600
2022-09-05,7223.17529296875,7244.997574820619,7157.708447413142,7179.530729265011,62906000
2022-09-06,7223.17529296875,7288.6421385243575,7201.35301111688,7244.997574820619,67079900
2022-09-07,7310.46533203125,7310.46533203125,7201.353909165112,7201.353909165112,117931700
2022-09-08,7288.6416015625,7419.575283027695,7288.6416015625,7332.286162050898,132777400
2022-09-09,7310.46533203125,7419.576754897388,7223.17619373834,7419.576754897388,91234600
2022-09-12,7310.46533203125,7354.109901177705,7266.820762884795,7266.820762884795,52395300
2022-09-13,7441.39794921875,7485.042511970766,7310.464260962702,7310.464260962702,124485200
2022-09-14,7419.576171875,7550.5098690257355,7310.46475758272,7310.46475758272,116642400
2022-09-15,7637.79833984375,7746.909744698662,7419.575530133929,7419.575530133929,190404800
2022-09-16,7375.93115234375,7615.976249017659,7375.93115234375,7594.1539675018485,363127600
2022-09-19,7550.5087890625,7637.797908011199,7375.930551165101,7397.7528309022755,102530600
2022-09-20,7463.220703125,7550.509834155701,7463.220703125,7463.220703125,89238400
2022-09-21,7397.75390625,7506.86532079646,7354.109340431416,7441.398472068584,90933700
2022-09-22,7397.75390625,7441.398472068584,7310.464774612831,7310.464774612831,61908500
2022-09-23,7310.46533203125,7397.754470324161,7310.46533203125,7310.46533203125,60567600
2022-09-26,7354.10888671875,7419.575731407641,7157.708352652077,7157.708352652077,106228200
2022-09-27,7244.9970703125,7375.9307523061,7244.9970703125,7310.4639113093,89567100
2022-09-28,7266.82080078125,7354.109939529373,7201.353946720157,7201.353946720157,89153400
2022-09-29,7310.46533203125,7375.932185750933,7266.820762884795,7266.820762884795,62643700
2022-09-30,7463.220703125,7485.042985882675,7223.17559279057,7310.464723821272,176524800
2022-10-03,7419.576171875,7441.398454733456,7375.9316061580885,7375.9316061580885,115079600
2022-10-04,7463.220703125,7528.687551398026,7441.398420367324,7441.398420367324,80524500
2022-10-05,7375.93115234375,7463.22027840699,7354.108870827939,7441.397996891179,63788000
2022-10-06,7354.10888671875,7419.575731407641,7354.10888671875,7397.753449844678,43967400
2022-10-07,7157.708984375,7310.464968797637,7157.708984375,7266.820401819741,112043400
2022-10-10,7244.9970703125,7310.4639113093,7092.241107986634,7114.0633883189,80238200
2022-10-11,7201.35400390625,7244.998573626894,7114.064864464962,7157.709434185606,64060000
2022-10-12,7266.82080078125,7266.82080078125,7135.887092659065,7157.709377346096,47569700
2022-10-13,7223.17529296875,7310.464420376227,7223.17529296875,7223.17529296875,62282800
2022-10-14,7201.35400390625,7288.643143347538,7201.35400390625,7244.998573626894,70642900
2022-10-17,7201.35400390625,7244.998573626894,7135.887149325284,7201.35400390625,56387500
2022-10-18,7244.9970703125,7397.753032638366,7201.352509647967,7223.174789980233,85665300
2022-10-19,7223.17529296875,7288.6421385243575,7179.530729265011,7201.35301111688,66753500
2022-10-20,7419.576171875,7419.576171875,7201.353343290441,7201.353343290441,91812300
2022-10-21,7550.5087890625,7615.9756282740245,7375.930551165101,7375.930551165101,122777800
2022-10-24,7768.7314453125,7768.7314453125,7615.975489927142,7637.797769267907,89416500
2022-10-25,7594.154296875,7746.910274110992,7594.154296875001,7703.265709186423,84696300
2022-10-26,7463.220703125,7550.509834155701,7463.220703125,7528.687551398026,98962100
2022-10-27,7594.154296875,7594.154296875001,7463.2206021012935,7463.2206021012935,77003400
2022-10-28,7637.79833984375,7637.79833984375,7550.509215959822,7550.509215959822,84980600
2022-10-31,7681.44384765625,7725.088414972479,7659.621563998136,7725.088414972479,138922800
2022-11-01,7681.44384765625,7856.0221169211645,7615.976996681907,7856.0221169211645,118118400
2022-11-02,7637.79833984375,7703.265182756697,7615.976058872769,7681.442901785715,68323600
2022-11-03,7681.44384765625,7703.266131314364,7594.154713023793,7594.154713023793,81856300
2022-11-04,7659.62109375,7681.443376068376,7572.331964476496,7659.62109375,84458300
2022-11-07,7725.08837890625,7725.08837890625,7572.332394012624,7615.976961125089,94794000
2022-11-08,7637.79833984375,7746.909744698662,7615.976058872769,7725.087463727679,42525500
2022-11-09,7746.91015625,7746.91015625,7572.331899207747,7572.331899207747,96599500
2022-11-10,7681.44384765625,7681.44384765625,7615.976996681907,7615.976996681907,89463000
2022-11-11,7725.08837890625,7790.555229574947,7703.266095350017,7768.732946018715,59597900
2022-11-14,7637.79833984375,7768.732025669643,7637.79833984375,7746.909744698662,49208200
2022-11-15,7681.44384765625,7725.088414972479,7637.799280340021,7659.621563998136,59092900
2022-11-16,7506.86572265625,7572.332574888717,7463.2211545012715,7528.688006733739,143424800
2022-11-17,7615.97607421875,7703.265198278564,7506.864669143983,7528.686950158936,72679800
2022-11-18,7703.26611328125,7768.732964102337,7615.976978853134,7615.976978853134,83556900
2022-11-21,7615.97607421875,7768.732041323424,7615.97607421875,7746.90976030847,35901000
2022-11-22,7768.7314453125,7812.376003994031,7725.086886630969,7768.7314453125,84684200
2022-11-23,7746.91015625,7834.199284771126,7746.91015625,7768.732438380282,84642100
2022-11-24,7856.02099609375,7856.02099609375,7812.37643500434,7834.198715549045,53520800
2022-11-25,7834.1982421875,7856.020521413649,7768.7314045090525,7856.020521413649,75048300
2022-11-28,7877.84423828125,7943.311087906855,7834.1996718641785,7899.666521489785,96209700
2022-11-29,7834.1982421875,7921.487359092096,7790.553683735202,7834.1982421875,91562100
2022-11-30,8117.88916015625,8205.178290910619,7725.088071761593,7746.910354450185,644359600
2022-12-01,7856.02099609375,8161.532923719618,7856.02099609375,8096.066082085504,155775400
2022-12-02,7799.0625,7864.784936797753,7799.0625,7799.0625,130982100
2022-12-05,7689.52490234375,7799.062294115028,7689.524902343749,7711.4323806980055,114656300
2022-12-06,7601.89453125,7667.616962355908,7514.26462310879,7645.709485320605,180553800
2022-12-07,7404.72900390625,7514.266415206638,7404.72900390625,7448.543968426406,229308700
2022-12-08,7448.5439453125,7514.2663918887865,7317.099052159926,7339.006534352022,172590100
2022-12-09,7514.26513671875,7536.1726152514575,7404.727744055211,7448.542701120627,90851300
2022-12-12,7623.80224609375,7623.80224609375,7426.634946625808,7470.449902063128,102851800
2022-12-13,7623.80224609375,7623.80224609375,7492.357379781789,7558.079812937769,104580200
2022-12-14,7558.0810546875,7623.803498641304,7470.451129415761,7536.173573369565,118164300
2022-12-15,7448.5439453125,7536.173874080882,7448.5439453125,7514.2663918887865,113255700
2022-12-16,7536.17333984375,7579.988301121911,7360.913494731104,7382.820975370185,181516700
2022-12-19,7579.98779296875,7623.80275130961,7536.172834627891,7579.98779296875,67482900
2022-12-20,7514.26513671875,7579.9875723168725,7492.357658186042,7492.357658186042,41243700
2022-12-21,7601.89453125,7623.802008285303,7514.26462310879,7536.172100144093,33617700
2022-12-22,7514.26513671875,7601.895050849581,7514.26513671875,7579.9875723168725,59591500
2022-12-23,7448.5439453125,7514.2663918887865,7448.5439453125,7470.451427504595,47393000
2022-12-26,7514.26513671875,7558.080093784165,7448.542701120627,7448.542701120627,20495900
2022-12-27,7536.17333984375,7579.988301121911,7514.265859204669,7536.17333984375,27193800
2022-12-28,7579.98779296875,7579.98779296875,7492.35787628703,7579.98779296875,40420200
2022-12-29,7514.26513671875,7536.1726152514575,7448.542701120627,7470.450179653334,47020900
2022-12-30,7492.357421875,7579.987333241959,7492.357421875,7514.26489971674,44681400
2023-01-02,7492.357421875,7536.17237755848,7448.54246619152,7514.26489971674,10653900
2023-01-03,7492.357421875,7536.17237755848,7470.44994403326,7492.357421875,27399100
2023-01-04,7317.0986328125,7514.265961241579,7317.0986328125,7470.4509993684505,90918800
2023-01-05,7229.46826171875,7339.005659623579,7141.838343394886,7317.098180042613,128838500
2023-01-06,7273.28271484375,7295.190192900509,7098.022890389684,7098.022890389684,69286600
2023-01-09,7404.72900390625,7404.72900390625,7295.191592605862,7295.191592605862,86916900
2023-01-10,7163.74462890625,7382.819388200019,7141.837152976873,7360.911912270642,101759100
2023-01-11,7119.9296875,7141.837163461539,7010.392307692307,7054.207259615385,96069100
2023-01-12,7163.74462890625,7251.374532623758,7119.929677047496,7141.837152976873,103804600
2023-01-13,7054.20751953125,7163.7449033749035,7032.300042762519,7141.837426606173,119748200
2023-01-16,7141.83837890625,7185.6533382860425,7054.208460146664,7054.208460146664,105710700
2023-01-17,7295.18994140625,7339.004896009291,7141.837600295608,7163.745077597128,88695900
2023-01-18,7273.28271484375,7295.190192900509,7163.745324559959,7185.652802616717,96814600
2023-01-19,7295.18994140625,7317.09741870777,7229.467509501689,7317.09741870777,66391800
2023-01-20,7273.28271484375,7295.190192900509,7229.467758730234,7251.375236786992,96859500
2023-01-24,7207.56005859375,7317.097445502469,7207.56005859375,7273.282490738981,42474500
2023-01-25,7185.6533203125,7273.283238852897,7185.6533203125,7273.283238852897,66124500
2023-01-26,7426.63525390625,7426.63525390625,7207.5604676553285,7207.5604676553285,77582300
2023-01-27,7623.80224609375,7755.247112405711,7492.357379781789,7623.80224609375,196804700
2023-01-30,7623.80224609375,7689.524679249731,7514.264857500449,7645.70972381241,68544300
2023-01-31,7426.63525390625,7601.895082906987,7426.63525390625,7558.080125656803,200589000
2023-02-01,7448.5439453125,7514.2663918887865,7404.728980928308,7514.2663918887865,77396200
2023-02-02,7404.72900390625,7470.4514506864825,7360.914039386094,7382.821521646172,99109500
2023-02-03,7623.80224609375,7623.80224609375,7448.542424344469,7492.357379781789,71716700
2023-02-06,7645.70947265625,7667.616949655266,7579.987041659205,7667.616949655266,117757700
2023-02-07,7755.2470703125,7755.2470703125,7667.617159913489,7689.524637513242,116014700
2023-02-08,7733.33935546875,7755.246832396424,7711.431878541077,7733.33935546875,54495500
2023-02-09,7799.0625,7799.0625,7711.4325842696635,7733.340063202248,72381700
2023-02-10,7733.33935546875,7799.061786251771,7623.801970830383,7777.154309324097,62060900
2023-02-13,7777.15478515625,7799.062263424295,7689.524872084066,7777.15478515625,63775000
2023-02-14,7842.87744140625,7842.877441406251,7733.340046973202,7755.2475258598115,81678200
2023-02-15,7777.15478515625,7799.062263424295,7667.617393816021,7777.15478515625,38037000
2023-02-16,7623.80224609375,7755.247112405711,7623.80224609375,7733.339634687051,66040400
2023-02-17,7645.70947265625,7755.246857651326,7645.70947265625,7689.52442665428,43588900
2023-02-20,7667.6171875,7733.339620535715,7623.802232142858,7645.709709821429,40077000
2023-02-21,7623.80224609375,7711.432156968391,7623.80224609375,7689.524679249731,25390500
2023-02-22,7601.89453125,7667.616962355908,7558.079577179395,7623.802008285303,38671900
2023-02-23,7645.70947265625,7667.616949655266,7558.07956466019,7558.07956466019,53412300
2023-02-24,7601.89453125,7755.246870497119,7601.89453125,7689.524439391211,44123400
2023-02-27,7689.52490234375,7689.524902343749,7579.987510572471,7601.894988926727,59983900
2023-02-28,7667.6171875,7689.524665178572,7601.894754464286,7689.524665178572,106349400
2023-03-01,7536.17333984375,7667.618223678233,7536.17333984375,7645.710743039153,67034700
2023-03-02,7558.0810546875,7623.803498641304,7536.173573369565,7536.173573369565,56672000
2023-03-03,7426.63525390625,7601.895082906987,7426.63525390625,7579.987604281895,95376900
2023-03-06,7360.91259765625,7492.35746547154,7360.91259765625,7492.35746547154,92652000
2023-03-07,7382.81982421875,7426.634778665152,7317.097392549147,7317.097392549147,106115600
2023-03-08,7514.26513671875,7514.26513671875,7360.912786989796,7360.912786989796,79350900
2023-03-09,7514.26513671875,7579.9875723168725,7492.357658186042,7579.9875723168725,54201400
2023-03-10,7404.72900390625,7492.35893294656,7404.72900390625,7448.543968426406,59580100
2023-03-13,7492.357421875,7558.0798554002195,7404.727510508042,7404.727510508042,82077700
2023-03-14,7295.18994140625,7426.634805215372,7295.18994140625,7382.819850612331,90495300
2023-03-15,7295.18994140625,7426.634805215372,7295.18994140625,7404.727327913852,86747400
2023-03-16,7273.28271484375,7317.097670957267,7229.467758730234,7273.28271484375,105894000
2023-03-17,7339.00439453125,7404.7268219449625,7295.189442922107,7339.00439453125,198558600
2023-03-20,7360.91259765625,7426.635031563896,7339.005119687035,7360.91259765625,37277900
2023-03-21,7448.5439453125,7448.5439453125,7339.006534352022,7360.914016544118,91617400
2023-03-24,7733.33935546875,7733.33935546875,7558.079540047363,7623.801970830383,145603600
2023-03-27,7623.80224609375,7733.339634687051,7623.80224609375,7733.339634687051,110692800
2023-03-28,7601.89453125,7711.431916426513,7601.89453125,7711.431916426513,98296600
2023-03-29,7865.5703125,7865.5703125,7709.152721058238,7753.84346147017,101068200
2023-03-30,7887.91455078125,7954.950651779391,7865.5691837818695,7954.950651779391,118912100
2023-03-31,7820.87939453125,7910.260873325893,7798.534024832589,7887.915503627232,97146900
2023-04-03,7865.5703125,7887.915682705966,7820.879572088068,7887.915682705966,60288900
2023-04-04,7843.224609375,7887.915347889957,7731.4977630876065,7887.915347889957,60975800
2023-04-05,7798.533203125,7865.569305157594,7798.533203125,7843.223937813395,36922100
2023-04-06,7820.87939453125,7843.224764229911,7776.1886551339285,7776.1886551339285,45489400
2023-04-10,7865.5703125,7865.5703125,7776.188831676136,7798.534201882102,32996000
2023-04-11,7887.91455078125,7887.91455078125,7820.878449783109,7887.91455078125,44554300
2023-04-12,7954.951171875,7954.951171875,7887.915066494031,7954.951171875,91903600
2023-04-13,7977.2978515625,7999.643223695728,7932.607107296044,7999.643223695728,51726500
2023-04-14,8044.3330078125,8044.3330078125,7999.642268880209,8044.3330078125,110354200
2023-04-17,8066.6796875,8089.025060595568,7954.95282202216,8066.6796875,83946900
2023-04-18,8156.06005859375,8200.750798640838,8066.678578499572,8089.023948523116,91178700
2023-04-26,8223.0947265625,8223.0947265625,8044.331797724185,8156.058628248132,186928200
2023-04-27,8178.40576171875,8200.751132652407,8111.369648917777,8133.715019851435,54842400
2023-04-28,8089.02392578125,8156.060035663415,8089.023925781249,8133.714665702693,145775300
2023-05-02,8089.02392578125,8133.714665702693,7954.951706016919,8133.714665702693,83645900
2023-05-03,7977.2978515625,8089.024712228642,7932.607107296044,8089.024712228642,83728800
2023-05-04,8044.3330078125,8066.678377278646,7932.606160481771,7977.296899414063,67565000
2023-05-05,8044.3330078125,8089.023746744792,7999.642268880209,8044.3330078125,64815100
2023-05-08,8044.3330078125,8111.369116210938,7999.642268880209,8044.3330078125,84754500
2023-05-09,7977.2978515625,8021.988595828957,7954.952479429272,7999.643223695728,40929600
2023-05-10,7977.2978515625,7999.643223695728,7954.952479429272,7977.2978515625,45322600
2023-05-11,7887.91455078125,7954.950651779391,7865.5691837818695,7954.950651779391,81993900
2023-05-12,7865.5703125,7932.606423117898,7798.534201882102,7820.879572088068,96525600
2023-05-15,7843.224609375,7932.606086404914,7798.533870860042,7932.606086404914,64830300
2023-05-16,7776.18798828125,7887.914827193337,7776.18798828125,7865.56945941092,49497000
2023-05-17,7843.224609375,7910.260717147436,7820.879240117521,7843.224609374999,69996100
2023-05-19,8044.3330078125,8044.3330078125,7887.915421549479,7954.951529947917,123592500
2023-05-22,8044.3330078125,8111.369116210938,7977.296899414063,8044.3330078125,91000000
2023-05-23,8156.06005859375,8178.405428617294,8066.678578499572,8089.023948523116,102980500
2023-05-24,8066.6796875,8223.097299168974,8066.6796875,8223.097299168974,77392900
2023-05-25,8089.02392578125,8178.405405624137,8089.023925781249,8133.714665702693,76325700
2023-05-26,8178.40576171875,8223.096503586066,8133.715019851435,8200.751132652407,55675900
2023-05-29,8178.40576171875,8267.78724545338,8111.369648917777,8267.78724545338,79148200
2023-05-30,8267.7861328125,8334.822236592061,8178.40466110642,8223.09539695946,97189500
2023-05-31,8089.02392578125,8334.822995349188,8089.023925781249,8312.477625388467,722827900
2023-06-05,8223.0947265625,8334.821557086447,8133.713262143342,8178.4039943529215,163535600
2023-06-06,8178.40576171875,8223.096503586066,8089.024277984119,8089.024277984119,74872200
2023-06-07,8133.71533203125,8200.751447405135,8111.369960239956,8156.060703822545,87492200
2023-06-08,8156.06005859375,8156.06005859375,8111.369318546661,8111.369318546661,53188400
2023-06-09,8133.71533203125,8200.751447405135,8133.71533203125,8200.751447405135,44632400
2023-06-12,8178.40576171875,8178.40576171875,8133.715019851435,8178.40576171875,38082300
2023-06-13,8178.40576171875,8200.751132652407,8133.715019851435,8200.751132652407,45552600
2023-06-14,8111.36962890625,8156.060370663309,8089.02425802772,8133.714999784779,72223700
2023-06-15,8089.02392578125,8133.714665702693,8089.023925781249,8133.714665702693,59073000
2023-06-16,8089.02392578125,8133.714665702693,8021.987815899084,8133.714665702693,112769400
2023-06-19,8044.3330078125,8089.023746744792,8044.3330078125,8044.3330078125,32330600
2023-06-20,8089.02392578125,8089.023925781249,7999.6424459383625,8066.678555820527,54990100
2023-06-21,8156.06005859375,8156.06005859375,8044.333208476027,8089.023948523116,42676300
2023-06-22,8089.02392578125,8178.405405624137,8089.023925781249,8156.060035663415,48291100
2023-06-23,8089.02392578125,8178.405405624137,8066.678555820527,8066.678555820527,47813500
2023-06-26,8111.36962890625,8156.060370663309,8066.678887149191,8066.678887149191,36389900
2023-06-27,8178.40576171875,8178.40576171875,8089.024277984119,8089.024277984119,36225100
2023-07-03,8111.36962890625,8111.36962890625,8066.678887149191,8066.678887149191,108855900
2023-07-04,8089.02392578125,8178.405405624137,8089.023925781249,8178.405405624137,35049300
2023-07-05,8089.02392578125,8111.369295741972,8066.678555820527,8089.023925781249,44609200
2023-07-06,8111.36962890625,8133.714999784779,8066.678887149191,8089.02425802772,52532400
2023-07-07,8066.6796875,8133.715806786703,8066.6796875,8066.6796875,37641300
2023-07-10,8089.02392578125,8133.714665702693,8089.023925781249,8133.714665702693,28981500
2023-07-11,8066.6796875,8133.715806786703,8066.6796875,8133.715806786703,43703500
2023-07-12,8200.75,8200.75,8089.023160762942,8111.368528610354,61566500
2023-07-13,8156.06005859375,8245.441538687928,8156.06005859375,8223.096168664384,65230900
2023-07-14,8223.0947265625,8223.0947265625,8156.058628248132,8200.74936045771,55554500
2023-07-17,8200.75,8267.786103542234,8200.75,8223.09536784741,62550100
2023-07-18,8178.40576171875,8267.78724545338,8133.715019851435,8223.096503586066,52924600
2023-07-20,8178.40576171875,8245.441874519724,8156.060390785093,8223.096503586066,83476600
2023-07-21,8178.40576171875,8200.751132652407,8156.060390785093,8178.40576171875,42667800
2023-07-24,8133.71533203125,8223.09681919643,8133.71533203125,8223.09681919643,62061200
2023-07-25,8178.40576171875,8312.477987320697,8178.40576171875,8200.751132652407,122802700
2023-07-26,8357.16796875,8357.16796875,8156.05964864639,8200.750386447193,113868700
2023-07-27,8245.44140625,8401.858993902439,8245.44140625,8401.858993902439,77848400
2023-07-28,8156.06005859375,8245.441538687928,8156.06005859375,8223.096168664384,74510200
2023-07-31,8156.06005859375,8223.096168664384,8133.714688570205,8200.750798640838,80868000
2023-08-01,8156.06005859375,8200.750798640838,8133.714688570205,8200.750798640838,49756400
2023-08-02,8223.0947265625,8223.0947265625,8156.058628248132,8156.058628248132,60629900
2023-08-03,8267.7861328125,8312.47686866554,8178.40466110642,8178.40466110642,64596100
2023-08-04,8178.40576171875,8290.13261638704,8156.060390785093,8267.78724545338,52675900
2023-08-07,8290.1318359375,8290.1318359375,8178.404991787399,8178.404991787399,55589300
2023-08-08,8223.0947265625,8312.476190981657,8223.0947265625,8290.130824876867,43373400
2023-08-09,8401.859375,8401.859375,8267.787150930852,8290.132521609043,77056800
2023-08-10,8401.859375,8424.204745678191,8357.168633643618,8401.859375,76738100
2023-08-11,8401.859375,8446.550116356382,8379.514004321809,8424.204745678191,68898600
2023-08-14,8357.16796875,8357.16796875,8245.441124247995,8334.822599849598,75495400
2023-08-15,8312.4765625,8379.512663810483,8312.4765625,8334.821929603495,59303700
2023-08-16,8312.4765625,8334.821929603495,8267.78582829301,8290.131195396505,53440000
2023-08-18,8267.7861328125,8357.167604518581,8267.7861328125,8267.7861328125,79328900
2023-08-21,8200.75,8267.786103542234,8200.75,8245.440735694823,73573000
2023-08-22,8312.4765625,8334.821929603495,8178.404359879032,8178.404359879032,65664600
2023-08-23,8312.4765625,8334.821929603495,8290.131195396505,8312.4765625,63749800
2023-08-24,8223.0947265625,8334.821557086447,8223.0947265625,8267.78545877208,53725900
2023-08-25,8290.1318359375,8290.1318359375,8200.75036061742,8223.09572944744,50379000
2023-08-28,8223.0947265625,8267.78545877208,8223.0947265625,8267.78545877208,44423100
2023-08-29,8267.7861328125,8312.47686866554,8223.09539695946,8290.13150073902,45428500
2023-08-30,8223.0947265625,8312.476190981657,8223.0947265625,8312.476190981657,56227000
2023-08-31,8200.75,8245.440735694823,8133.713896457765,8223.09536784741,136107200
2023-09-01,8245.44140625,8290.132145579268,8200.750666920732,8223.096036585366,42152700
2023-09-04,8245.44140625,8290.132145579268,8200.750666920732,8245.44140625,40610600
2023-09-05,8245.44140625,8267.786775914634,8223.096036585366,8267.786775914634,42007200
2023-09-06,8178.40576171875,8267.78724545338,8178.40576171875,8223.096503586066,49318400
2023-09-07,8200.75,8200.75,8133.713896457765,8156.059264305177,61405200
2023-09-08,8156.06005859375,8178.405428617294,8089.023948523116,8133.714688570205,80732300
2023-09-11,8156.06005859375,8156.06005859375,8111.369318546661,8111.369318546661,53155900
2023-09-12,8133.71533203125,8156.060703822545,8111.369960239956,8133.71533203125,66479000
2023-09-13,8111.36962890625,8111.36962890625,8044.333516270661,8089.02425802772,69490200
2023-09-14,8133.71533203125,8156.060703822545,8044.333844866072,8044.333844866072,112757900
2023-09-15,8044.3330078125,8133.714485677084,8044.3330078125,8089.023746744792,121005300
2023-09-18,8044.3330078125,8111.369116210938,8044.3330078125,8089.023746744792,34272200
2023-09-19,8111.36962890625,8111.36962890625,8021.988145392132,8044.333516270661,33325800
2023-09-20,8178.40576171875,8200.751132652407,8111.369648917777,8156.060390785093,54305500
2023-09-21,8156.06005859375,8178.405428617294,8111.369318546661,8156.06005859375,40607000
2023-09-22,8111.36962890625,8178.405741541838,8111.36962890625,8156.060370663309,42445300
2023-09-25,8044.3330078125,8111.369116210938,8044.3330078125,8111.369116210938,56132200
2023-09-26,7999.642578125,8066.678689114874,7999.642578125,8044.333318784916,73544700
2023-09-27,7932.60595703125,8044.332801496479,7932.60595703125,7954.951325924296,84345000
2023-09-29,7887.91455078125,7954.950651779391,7887.91455078125,7887.91455078125,118960000
2023-10-02,8111.36962890625,8133.714999784779,7932.606661878012,7954.952032756542,93663000
2023-10-03,8223.0947265625,8223.0947265625,8066.677163828974,8111.367896038553,98380200
2023-10-04,8223.0947265625,8267.78545877208,8156.058628248132,8223.0947265625,112582800
2023-10-05,8111.36962890625,8223.096483298898,8111.36962890625,8223.096483298898,72855700
2023-10-06,8066.6796875,8133.715806786703,8066.6796875,8133.715806786703,53344400
2023-10-09,8089.02392578125,8156.060035663415,8066.678555820527,8066.678555820527,43774500
2023-10-10,7977.2978515625,8044.333967962185,7977.2978515625,8044.333967962185,71966100
2023-10-11,7977.2978515625,8066.679340095413,7977.2978515625,7977.2978515625,84305800
2023-10-12,8089.02392578125,8133.714665702693,8044.333185859806,8044.333185859806,71064500
2023-10-13,8111.36962890625,8156.060370663309,8066.678887149191,8133.714999784779,62941800
2023-10-16,8133.71533203125,8156.060703822545,8089.024588448661,8156.060703822545,29429200
2023-10-17,7999.642578125,8111.369429774791,7999.642578125,8089.024059444832,59606000
2023-10-18,7910.2607421875,7999.642219500353,7910.2607421875,7977.29685017214,50919200
2023-10-19,7820.87939453125,7910.260873325893,7820.87939453125,7887.915503627232,89509700
2023-10-20,8021.98828125,8066.679023763928,7798.534568680362,7798.534568680362,64554500
2023-10-23,7910.2607421875,7977.29685017214,7910.2607421875,7932.606111515714,50633500
2023-10-24,7843.224609375,7932.606086404914,7843.224609374999,7843.224609374999,76963200
2023-10-25,7932.60595703125,7977.296694817342,7887.915219245158,7887.915219245158,54748400
2023-10-26,7798.533203125,7999.64150922278,7798.533203125,7977.296141878582,63199400
2023-10-27,7776.18798828125,7865.56945941092,7776.18798828125,7798.533356063667,52450700
2023-10-30,7910.2607421875,7910.2607421875,7776.18852621822,7776.18852621822,51958200
2023-10-31,7820.87939453125,7887.915503627232,7798.534024832589,7865.5701339285715,64907600
2023-11-01,7686.80810546875,7843.225712266079,7686.80810546875,7820.880339866461,67027600
2023-11-02,7910.2607421875,7954.951480843926,7798.533895546434,7798.533895546434,56050900
2023-11-03,7954.951171875,7999.6419087956465,7910.260434954354,7977.296540335323,60414100
2023-11-06,8089.02392578125,8089.023925781249,7999.6424459383625,8021.987815899084,84994200
2023-11-07,8021.98828125,8066.679023763928,7954.9521674791085,8044.333652506964,60648200
2023-11-08,8044.3330078125,8044.3330078125,7954.951529947917,7999.642268880209,31829300
2023-11-09,8044.3330078125,8089.023746744792,7954.951529947917,7954.951529947917,46076800
2023-11-10,7887.91455078125,8044.332119776912,7887.91455078125,7999.641385778152,50754600
2023-11-13,7932.60595703125,7977.296694817342,7910.260588138204,7932.60595703125,20827700
2023-11-14,7977.2978515625,7999.643223695728,7932.607107296044,7954.952479429272,37195700
2023-11-15,8089.02392578125,8089.023925781249,7999.6424459383625,8021.987815899084,84977900
2023-11-16,8111.36962890625,8111.36962890625,7999.642774513602,8089.02425802772,48714300
2023-11-17,8111.36962890625,8111.36962890625,8021.988145392132,8066.678887149191,57050500
2023-11-20,7932.60595703125,8066.678170389525,7932.60595703125,8021.987432603433,49216000
2023-11-21,7843.224609375,7954.951455662393,7843.224609374999,7887.915347889957,107614800
2023-11-22,7932.60595703125,7932.60595703125,7843.224481459067,7843.224481459067,40364800
2023-11-23,7977.2978515625,8021.988595828957,7910.261735162815,7910.261735162815,55542100
2023-11-24,7977.2978515625,8021.988595828957,7954.952479429272,7977.2978515625,43631900
2023-11-27,7932.60595703125,7999.642063710387,7932.60595703125,7954.951325924296,35679000
2023-11-28,7932.60595703125,7999.642063710387,7910.260588138204,7932.60595703125,69070600
2023-11-29,7954.951171875,7999.6419087956465,7954.951171875,7954.951171875,54715600
2023-11-30,8021.98828125,8021.98828125,7954.9521674791085,7977.297538736073,205312100
2023-12-01,7999.642578125,8021.987948454958,7954.951837465083,7977.297207795042,80566400
2023-12-04,8015.3583984375,8105.166335674894,8015.358398437499,8037.8103827468485,54747400
2023-12-05,7992.9052734375,8037.809235647823,7925.549330122016,8037.809235647823,94363900
2023-12-06,7903.0986328125,8037.810541326349,7903.0986328125,7948.002602317116,81852800
2023-12-07,7925.5498046875,7925.5498046875,7835.7418748893415,7858.193857338881,91322500
2023-12-08,7858.19384765625,7948.00177734375,7858.19384765625,7903.0978125,43891600
2023-12-11,7858.19384765625,7880.645830078125,7790.837900390625,7790.837900390625,78642800
2023-12-12,7813.2900390625,7858.194004804239,7813.2900390625,7813.2900390625,87589300
2023-12-13,7790.837890625,7858.193837806196,7790.837890625,7813.289873018733,51560500
2023-12-14,8127.61865234375,8127.61865234375,7858.194829614124,7880.6468148415925,115332800
2023-12-15,8284.7822265625,8284.7822265625,8150.070320439533,8194.974289147189,275013500
2023-12-18,8262.3291015625,8284.781082816746,8217.425139054008,8262.3291015625,111712200
2023-12-19,8307.232421875,8307.232421875,8194.972524282095,8194.972524282095,65174500
2023-12-20,8352.138671875,8352.138671875,8284.78271484375,8307.234700520834,72938100
2023-12-21,8374.58984375,8374.58984375,8307.233893264076,8352.137860254692,88116700
2023-12-22,8374.58984375,8397.041827245308,8329.685876759384,8329.685876759384,64449600
2023-12-27,8419.4931640625,8441.945145833333,8374.589200520833,8419.4931640625,64464700
2023-12-28,8441.9462890625,8464.398273873836,8374.59033462849,8374.59033462849,70184600
2023-12-29,8441.9462890625,8486.850258685174,8397.042319439828,8464.398273873836,79903400
2024-01-02,8464.3984375,8464.3984375,8397.042481763927,8441.946452254642,30545200
2024-01-03,8397.0419921875,8464.397943996491,8374.590008251169,8464.397943996491,34603300
2024-01-04,8509.302734375,8509.302734375,8419.494789948878,8441.946776055409,56501800
2024-01-05,8599.1103515625,8621.56233681462,8509.302410554013,8531.754395806136,85290100
2024-01-08,8599.1103515625,8644.014322066743,8509.302410554013,8621.56233681462,50896000
2024-01-09,8644.013671875,8644.013671875,8599.109704748376,8621.561688311689,59848600
2024-01-10,8576.658203125,8666.466142424737,8576.658203125,8666.466142424737,52774900
2024-01-11,8599.1103515625,8666.466307318864,8599.1103515625,8644.014322066743,39381500
2024-01-12,8711.369140625,8711.369140625,8621.561211340206,8666.465175982603,68253400
2024-01-15,8733.8212890625,8756.273271810733,8666.465340817802,8756.273271810733,88399500
2024-01-16,8711.369140625,8756.273105267397,8688.917158303802,8711.369140625,44869200
2024-01-17,8756.2734375,8756.2734375,8666.465504807693,8756.2734375,107706100
2024-01-18,8688.91796875,8756.273921996124,8644.01399991925,8688.91796875,71048900
2024-01-19,8644.013671875,8778.725573254871,8621.561688311689,8778.725573254871,63176500
2024-01-22,8644.013671875,8666.465655438313,8554.205737621754,8621.561688311689,52868300
2024-01-23,8621.5625,8621.5625,8486.8505859375,8486.8505859375,92348600
2024-01-24,8554.2060546875,8621.562007874016,8509.30208589649,8621.562007874016,84906000
2024-01-25,8531.75390625,8599.109858141446,8486.849938322368,8486.849938322368,63212700
2024-01-26,8397.0419921875,8486.84992793282,8352.13802431484,8441.94596006016,78977300
2024-01-29,8576.658203125,8576.658203125,8419.494309350457,8441.946294175392,73452800
2024-01-30,8666.466796875,8666.466796875,8509.30289123219,8531.75487775259,73136400
2024-01-31,8576.658203125,8711.370112074606,8576.658203125,8711.370112074606,102581200
2024-02-01,8711.369140625,8733.8211229462,8599.109229019008,8666.465175982603,104208700
2024-02-02,8711.369140625,8801.177069909794,8644.013193661405,8778.725087588597,99324000
2024-02-05,8599.1103515625,8688.918292570985,8554.206381058257,8688.918292570985,57983300
2024-02-06,8644.013671875,8756.273589691558,8644.013671875,8756.273589691558,87651000
2024-02-07,8711.369140625,8733.8211229462,8666.465175982603,8711.369140625,92953500
2024-02-12,8801.1767578125,8801.1767578125,8711.368831712372,8756.272794762437,87949400
2024-02-13,8733.8212890625,8801.177237307198,8711.369306314267,8756.273271810733,66072400
2024-02-15,8846.08203125,8958.34195550444,8846.08203125,8935.889970653552,164748900
2024-02-16,8935.8896484375,8980.7936165201,8868.5336963136,8958.341632478801,142277200
2024-02-19,8868.533203125,8958.341134295886,8823.629237539557,8890.985185917722,53341300
2024-02-20,9003.24609375,9003.24609375,8846.082196851621,8846.082196851621,63997700
2024-02-21,8958.341796875,8980.79378132832,8846.081874608397,8935.88981242168,75371600
2024-02-22,8868.533203125,8958.341134295886,8868.533203125,8958.341134295886,66913000
2024-02-23,8823.6298828125,8913.43782055105,8801.177898377862,8890.985836116412,55192300
2024-02-26,8801.1767578125,8868.532702387596,8733.820813237404,8756.272794762437,41356000
2024-02-27,8868.533203125,8890.985185917722,8756.273289161392,8756.273289161392,43735800
2024-02-28,8980.7939453125,8980.7939453125,8890.986005859375,8958.34196044922,54043100
2024-02-29,8868.533203125,8980.793117088608,8846.081220332278,8980.793117088608,126671200
2024-03-01,8823.6298828125,8913.43782055105,8801.177898377862,8890.985836116412,51520600
2024-03-04,8756.2734375,8823.629387019231,8756.2734375,8801.177403846154,43822900
2024-03-05,8801.1767578125,8890.984683912628,8778.724776287469,8890.984683912628,61952900
2024-03-06,8935.8896484375,8980.7936165201,8778.725760148398,8890.9856803549,70242200
2024-03-07,9093.0537109375,9137.957679880401,8980.793788580248,9025.697757523149,118369300
2024-03-08,9115.505859375,9250.217768626848,9093.053874499692,9205.313798876232,100947200
2024-03-13,8980.7939453125,9340.025703125,8980.7939453125,9340.025703125,141622600
2024-03-14,9272.6689453125,9272.6689453125,9003.245150291314,9025.697133209746,110681100
2024-03-15,9115.505859375,9250.217768626848,9025.697919873768,9160.409829125616,154176800
2024-03-18,9115.505859375,9227.76578375154,9115.505859375,9137.957844250308,62444100
2024-03-19,9137.9580078125,9205.313963644041,9115.506022535319,9115.506022535319,55004800
2024-03-20,9093.0537109375,9115.50569540895,9048.149741994599,9070.60172646605,66269700
2024-03-21,9093.0537109375,9182.861648823302,9025.697757523149,9137.957679880401,90279400
2024-03-22,9070.6025390625,9093.054525545329,8935.890620165532,8980.794593131188,91968200
2024-03-25,9256.6533203125,9256.6533203125,9118.83714184631,9256.6533203125,66971000
2024-03-26,9233.6845703125,9233.6845703125,9141.807111901431,9233.6845703125,65742700
2024-03-27,9256.6533203125,9256.6533203125,9187.745231079405,9210.714594157103,39514100
2024-03-28,9256.6533203125,9279.622683390198,9164.775868001707,9210.714594157103,79229700
2024-04-01,9049.9296875,9279.623334390863,9026.960322810914,9256.653969701776,79248700
2024-04-02,9095.8681640625,9141.806892163826,9003.990707859848,9118.837528113163,76763100
2024-04-03,8751.328125,9003.991141732284,8751.328125,8958.052411417322,177418400
2024-04-04,9049.9296875,9049.9296875,8797.266675920051,8797.266675920051,75993500
2024-04-05,9026.9609375,9141.807768765904,9026.9609375,9141.807768765904,70428600
2024-04-16,8705.3896484375,8797.267111745547,8498.665355994393,8590.54281930244,283265900
2024-04-17,8751.328125,8889.144315944883,8751.328125,8774.29749015748,95620700
2024-04-18,8705.3896484375,8797.267111745547,8682.420282610488,8751.328380091523,127134000
2024-04-19,8705.3896484375,8728.359014264512,8544.604087648417,8590.54281930244,147784300
2024-04-22,8590.5419921875,8659.450083033924,8590.5419921875,8636.48071941845,128908000
2024-04-23,8935.08203125,8981.020756346401,8636.480318123393,8636.480318123393,178833000
2024-04-24,9141.806640625,9141.806640625,8958.051733275754,9026.95982353172,132832700
2024-04-25,8981.0205078125,9187.744765025574,8912.112422074808,9187.744765025574,104874100
2024-04-26,8843.205078125,9026.959988839286,8843.205078125,8912.113169642857,100932900
2024-04-29,9003.990234375,9049.928960060586,8751.327243104273,8751.327243104273,90063500
2024-04-30,9003.990234375,9233.683862802933,9003.990234375,9233.683862802933,109623000
2024-05-02,8774.296875,9095.867964659687,8728.35814790576,9095.867964659687,97079400
2024-05-03,9049.9296875,9049.9296875,8889.144134676395,8958.052228743654,81200400
2024-05-06,9003.990234375,9072.89832290338,8981.020871532206,9049.928960060586,53076200
2024-05-07,8912.1123046875,8958.051027907539,8843.204219857442,8912.1123046875,66746800
2024-05-08,8613.51171875,8912.113458333333,8613.51171875,8820.235999999999,112808900
2024-05-13,8751.328125,8751.328125,8452.726377952757,8452.726377952757,145469900
2024-05-14,8774.296875,8889.143692735603,8751.32751145288,8843.204965641362,95363500
2024-05-15,8728.359375,8820.236842105263,8659.451274671052,8728.359375,54741900
2024-05-16,8820.236328125,8889.144424438477,8751.328231811523,8797.266962687174,61126000
2024-05-17,8958.052734375,9049.930198317308,8797.267172475962,8820.236538461539,99848500
2024-05-20,8705.3896484375,9003.991404188655,8705.3896484375,8912.113940880607,87890100
2024-05-21,8613.51171875,8797.266635416667,8613.51171875,8682.4198125,75311400
2024-05-22,8659.4501953125,8797.266378792276,8567.572739659317,8705.388923139091,121712700
2024-05-27,8544.603515625,8613.511608492943,8521.634151335686,8544.603515625,128578500
2024-05-28,8544.603515625,8636.480972782258,8544.603515625,8544.603515625,73945700
2024-05-29,8406.7880859375,8567.573650422644,8406.7880859375,8521.634917712603,117351600
2024-05-30,8268.970703125,8498.664333767361,8062.246435546876,8268.970703125,207115100
2024-05-31,8498.6640625,8498.6640625,8291.93980152027,8360.847888513514,756431600
2024-06-03,8521.6337890625,8590.54187900101,8475.695062436826,8590.54187900101,72197700
2024-06-04,8590.5419921875,8751.327537495823,8590.5419921875,8751.327537495823,75353100
2024-06-05,8682.419921875,8728.35865162037,8544.603732638889,8728.35865162037,82087300
2024-06-06,8705.3896484375,8751.328380091523,8682.420282610488,8751.328380091523,44991300
2024-06-07,8567.5732421875,8728.358799011394,8567.5732421875,8728.358799011394,51599800
2024-06-10,8751.328125,8751.328125,8682.420029527559,8728.35875984252,45584700
2024-06-11,8544.603515625,8774.297158518146,8544.603515625,8774.297158518146,68690900
2024-06-12,8498.6640625,8567.572149493242,8498.6640625,8544.602787162163,49785700
2024-06-13,8452.7255859375,8705.388578995415,8452.7255859375,8705.388578995415,84652200
2024-06-14,8452.7255859375,8498.66431194803,8360.84813391644,8452.7255859375,52986300
2024-06-19,8314.9111328125,8498.666074974102,8314.9111328125,8498.666074974102,100051000
2024-06-20,8659.4501953125,8659.4501953125,8360.848464439656,8406.787192266247,81474800
2024-06-21,8820.236328125,8889.144424438477,8636.481404622396,8705.389500935873,166841200
2024-06-24,8820.236328125,8958.052520751953,8797.266962687174,8820.236328125,79592300
2024-06-25,8820.236328125,8820.236328125,8682.420135498047,8820.236328125,80029000
2024-06-26,8728.359375,8866.175575657895,8682.420641447368,8751.328741776315,77913200
2024-06-27,8958.052734375,8958.052734375,8774.297806490384,8797.267172475962,89150700
2024-06-28,9118.837890625,9164.776620552582,8981.021700842253,9003.991065806045,166172300
2024-07-01,9072.8984375,9095.86780063291,9026.959711234176,9049.929074367088,68634600
2024-07-02,9095.8681640625,9187.745620265152,9049.929435961174,9187.745620265152,78848500
2024-07-03,9187.74609375,9187.74609375,9118.837998046874,9164.776728515624,55860200
2024-07-04,9026.9609375,9187.746501272264,9026.9609375,9164.777135019083,67054000
2024-07-05,9141.806640625,9164.776004043655,9072.898550369033,9118.837277206343,36946900
2024-07-08,9233.6845703125,9233.6845703125,9141.807111901431,9187.745841106966,72903600
2024-07-09,9256.6533203125,9325.561409545597,9256.6533203125,9279.622683390198,61853200
2024-07-10,9279.6240234375,9394.470855410736,9233.685290648205,9348.532122621442,62325900
2024-07-11,9256.6533203125,9302.592046467898,9187.745231079405,9187.745231079405,55908400
2024-07-12,9256.6533203125,9279.622683390198,9210.714594157103,9233.683957234802,62646500
2024-07-15,9233.6845703125,9256.653934915268,9141.807111901431,9233.6845703125,36682600
2024-07-16,9141.806640625,9210.714730880967,9141.806640625,9164.776004043655,37192700
2024-07-17,9003.990234375,9141.80641143176,9003.990234375,9095.867685746174,90666000
2024-07-18,9279.6240234375,9279.6240234375,9003.991626701732,9003.991626701732,65383200
2024-07-19,9302.5927734375,9302.5927734375,9164.776584201389,9233.684678819445,53880300
2024-07-22,9279.6240234375,9325.562756226795,9279.6240234375,9302.593389832147,31285300
2024-07-23,9348.5322265625,9371.50159321253,9302.593493262439,9371.50159321253,39321100
2024-07-24,9256.6533203125,9348.530772623295,9256.6533203125,9302.592046467898,24658000
2024-07-25,9463.376953125,9463.376953125,9371.499506978156,9394.468868514867,98088100
2024-07-26,9486.3466796875,9555.254766949152,9463.37731726695,9532.285404528602,75565800
2024-07-29,9417.4384765625,9578.2240115282,9348.530390148628,9555.254649390243,69092500
2024-07-30,9348.5322265625,9463.379059812652,9348.5322265625,9463.379059812652,32122900
2024-07-31,9440.4091796875,9509.317275889598,9394.4704488861,9509.317275889598,82519900
2024-08-01,9532.2861328125,9532.2861328125,9371.500583584337,9371.500583584337,61176200
2024-08-02,9371.501953125,9509.318158318016,9371.501953125,9440.410055721508,55699900
2024-08-05,9072.8984375,9325.561431962025,9072.8984375,9187.745253164556,126328300
2024-08-06,9187.74609375,9256.654189453126,9141.80736328125,9256.654189453126,78473900
2024-08-07,9279.6240234375,9279.6240234375,9187.74655785891,9187.74655785891,52327400
2024-08-08,9394.46875,9394.46875,9256.652582518338,9325.560666259169,54162100
2024-08-09,9325.5615234375,9417.438976870382,9279.62279672106,9394.469613512161,47062400
2024-08-12,9371.501953125,9371.501953125,9256.655115464155,9279.624482996323,40364100
2024-08-13,9463.376953125,9463.376953125,9348.530145441444,9417.438230051579,55207100
2024-08-14,9371.501953125,9463.379423253677,9371.501953125,9463.379423253677,47999100
2024-08-15,9394.46875,9463.376833740831,9348.530027506113,9371.499388753056,33396600
2024-08-16,9486.3466796875,9486.3466796875,9417.438592425848,9463.37731726695,40731400
2024-08-19,9532.2861328125,9578.224861163404,9440.408676110692,9486.347404461596,51054400
2024-08-20,9578.224609375,9601.193972946643,9463.377791516787,9486.34715508843,60304400
2024-08-21,9578.224609375,9647.13270008993,9578.224609375,9647.13270008993,84848800
2024-08-22,9486.3466796875,9555.254766949152,9394.469230005298,9509.316042108052,56611600
2024-08-23,9486.3466796875,9532.285404528602,9463.37731726695,9486.3466796875,46651600
2024-08-26,9486.3466796875,9532.285404528602,9417.438592425848,9440.407954846398,35145600
2024-08-27,9371.501953125,9463.379423253677,9348.532585592831,9440.410055721508,60448400
2024-08-28,9509.3173828125,9509.3173828125,9417.43992017663,9463.378651494566,38489900
2024-08-29,9394.46875,9647.13172371638,9394.46875,9647.13172371638,53004700
2024-08-30,9486.3466796875,9486.3466796875,9371.499867584746,9486.3466796875,158403700
2024-09-02,9440.4091796875,9532.286641290297,9371.5010834854,9532.286641290297,72008600
2024-09-03,9348.5322265625,9486.348426462684,9325.562859912468,9486.348426462684,50950200
2024-09-04,9463.376953125,9463.376953125,9302.591422368023,9325.560783904733,44817000
2024-09-05,9417.4384765625,9509.31592511433,9417.4384765625,9509.31592511433,39332900
2024-09-06,9463.376953125,9463.376953125,9394.468868514867,9394.468868514867,31541800
2024-09-09,9440.4091796875,9509.317275889598,9371.5010834854,9463.378545088199,36185100
2024-09-10,9509.3173828125,9509.3173828125,9440.409285835598,9509.3173828125,55093100
2024-09-11,9578.224609375,9578.224609375,9509.316518660073,9578.224609375,64621300
2024-09-12,9624.1630859375,9647.132448911098,9532.285634043108,9601.193722963902,70759100
2024-09-13,9578.224609375,9578.224609375,9486.34715508843,9555.255245803357,70057100
2024-09-17,9647.1328125,9647.1328125,9509.316629464285,9601.194084821429,89745000
2024-09-18,9761.98046875,9761.98046875,9601.194908088235,9647.133639705882,65420200
2024-09-19,10014.6435546875,10014.6435546875,9784.94989517632,9830.888627078555,140886600
2024-09-20,9899.7958984375,10014.642718604988,9899.7958984375,10014.642718604988,142194600
2024-09-23,10060.58203125,10060.58203125,9853.857742936643,9853.857742936643,72553800
2024-09-24,9922.765625,10060.581814236111,9899.796260127316,9899.796260127316,105191100
2024-09-25,9968.703125,9968.703125,9670.101418490784,9807.917590725807,158369100
2024-09-26,9830.888671875,9991.67423426548,9807.919305819218,9991.67423426548,84960100
2024-09-27,9784.94921875,9876.826676203053,9555.255575117371,9647.133032570422,93027400
2024-09-30,9486.3466796875,9693.070941472459,9486.3466796875,9624.162854210805,144692100
2024-10-01,9693.072265625,9693.072265625,9532.286706716528,9555.256072274882,59797700
2024-10-02,9647.1328125,9693.071540178571,9486.347265625,9486.347265625,86746200
2024-10-03,9601.1943359375,9670.102429257626,9555.255607057417,9601.1943359375,60887000
2024-10-04,9624.1630859375,9624.1630859375,9509.31627106951,9555.254997016706,58500400
2024-10-07,9463.376953125,9532.285037735133,9417.438230051579,9509.315676198423,91867900
2024-10-08,9555.2548828125,9647.132333608773,9325.561255821814,9371.499981219953,99622900
2024-10-09,9578.224609375,9670.10206366157,9555.255245803357,9555.255245803357,56835200
2024-10-10,9647.1328125,9647.1328125,9555.255357142858,9578.224720982143,51080000
2024-10-11,9532.2861328125,9716.041046216114,9532.2861328125,9716.041046216114,44632100
2024-10-14,9647.1328125,9647.1328125,9532.28599330357,9532.28599330357,31738600
2024-10-15,9761.98046875,9761.98046875,9601.194908088235,9693.07237132353,66635200
2024-10-16,9624.1630859375,9853.856715673479,9624.1630859375,9830.88735269988,63255900
2024-10-17,9853.8583984375,9922.766499125875,9647.134096372378,9693.072830164627,66993300
2024-10-18,9876.826171875,9991.672987827034,9853.856808684593,9991.672987827034,56299600
2024-10-21,9807.9189453125,9968.704501793032,9807.9189453125,9968.704501793032,36472500
2024-10-22,9647.1328125,9739.010267857142,9624.163448660714,9624.163448660714,94799500
2024-10-23,9784.94921875,9784.94921875,9624.16366820716,9624.16366820716,48903000
2024-10-24,9830.888671875,9968.704868209697,9830.888671875,9853.858037930782,85341200
2024-10-25,9876.826171875,9876.826171875,9761.979355922966,9784.948719113372,34847500
2024-10-28,9739.0107421875,9945.735026809403,9739.0107421875,9945.735026809403,39061500
2024-10-29,9647.1328125,9716.040904017857,9647.1328125,9670.102176339286,49680100
2024-10-30,9509.3173828125,9555.256114130434,9440.409285835598,9440.409285835598,114484100
2024-10-31,9417.4384765625,9624.162735804115,9417.4384765625,9486.346562976372,97553400
2024-11-01,9578.224609375,9578.224609375,9440.408427945144,9440.408427945144,47710000
2024-11-04,9532.2861328125,9647.13295368976,9463.378040286145,9578.224861163404,49275700
2024-11-05,9647.1328125,9716.040904017857,9463.377901785714,9463.377901785714,50296500
2024-11-06,9601.1943359375,9647.133064817584,9532.286242617374,9624.163700377543,50324900
2024-11-07,9348.5322265625,9601.195259712838,9348.5322265625,9486.348426462684,131579100
2024-11-08,9256.6533203125,9394.469498778692,9233.683957234802,9371.500135700993,92166100
2024-11-11,9233.6845703125,9233.6845703125,9003.990924284826,9003.990924284826,128707600
2024-11-12,9325.5615234375,9394.469613512161,9187.745343288178,9279.62279672106,80378500
2024-11-13,9325.5615234375,9417.438976870382,9325.5615234375,9394.469613512161,62933100
2024-11-14,9279.6240234375,9348.532122621442,9233.685290648205,9302.593389832147,56381400
2024-11-15,9348.5322265625,9440.409693162623,9233.685393312346,9233.685393312346,63598200
2024-11-18,9187.74609375,9302.592919921875,9187.74609375,9256.654189453126,65716200
2024-11-19,9118.837890625,9210.715350480163,9095.868525661208,9095.868525661208,85295300
2024-11-20,9256.6533203125,9325.561409545597,9187.745231079405,9210.714594157103,58584400
2024-11-21,9095.0673828125,9233.570947017766,9095.0673828125,9233.570947017766,93181200
2024-11-22,9095.0673828125,9187.403092282677,9095.0673828125,9164.319164915132,58396100
2024-11-25,9395.158203125,9418.242129914004,9141.235008445945,9187.402862023955,165369400
2024-11-26,9233.5703125,9464.4095703125,9233.5703125,9464.4095703125,62310100
2024-11-28,9233.5703125,9302.82208984375,9164.31853515625,9210.48638671875,57443500
2024-11-29,9233.5703125,9325.906015625,9187.402460937501,9233.5703125,76886000
2024-12-02,9002.73046875,9279.737560096155,9002.73046875,9233.569711538461,87879600
2024-12-03,9418.2412109375,9441.325135474111,9141.23411649816,9256.65373918122,126087100
2024-12-04,9418.2412109375,9464.409060010723,9279.737663717831,9395.157286400889,97876300
2024-12-05,9464.41015625,9556.745865091463,9441.326229039634,9464.41015625,96904400
2024-12-06,9302.822265625,9395.157970494727,9279.738339407568,9325.90619184243,68247200
2024-12-09,9556.744140625,9556.744140625,9233.56921799517,9256.653141040157,64458400
2024-12-10,9556.744140625,9556.744140625,9487.492371490036,9533.660217580013,61230400
2024-12-11,9625.99609375,9625.99609375,9441.324705860312,9441.324705860312,37934300
2024-12-12,9395.158203125,9579.829617437039,9395.158203125,9510.577837070025,44780100
2024-12-13,9279.73828125,9441.325763759329,9256.65435517724,9348.990059468284,75126400
2024-12-16,9325.90625,9348.990176361387,9233.570544554455,9233.570544554455,57746100
2024-12-17,9141.234375,9279.737926136364,9141.234375,9187.402225378788,99845900
2024-12-18,9048.8984375,9256.653758769133,9048.8984375,9141.234135841836,84868500
2024-12-19,8933.4794921875,9025.815197533107,8818.059860505491,8956.563418523901,104254100
2024-12-20,8910.3955078125,9002.731212556671,8887.311581626458,8910.3955078125,91576900
2024-12-23,9025.8154296875,9095.06721047794,8956.56364889706,8956.56364889706,43292100
2024-12-24,9002.73046875,9141.234014423077,9002.73046875,9095.066165865384,32415700
2024-12-27,9048.8984375,9071.982362085459,8979.646663743622,9048.8984375,24016700
2024-12-30,8933.4794921875,9071.98305020591,8933.4794921875,9048.899123869509,56350100
2025-01-02,9141.234375,9141.234375,8910.39512310606,8910.39512310606,38124800
2025-01-03,9095.0673828125,9164.319164915132,9071.983455444955,9095.0673828125,41916000
2025-01-06,8933.4794921875,9118.150902878715,8910.395565851099,9095.066976542312,41593900
2025-01-07,8794.9755859375,8979.646989316765,8794.9755859375,8933.479138471948,71318600
2025-01-08,8933.4794921875,9025.815197533107,8841.143786841893,8933.4794921875,55943100
2025-01-09,9095.0673828125,9118.151310180045,8979.647745974778,9002.731673342321,42733800
2025-01-10,8979.646484375,9164.317877369858,8979.646484375,9048.898256748073,72531300
2025-01-13,8933.4794921875,8979.647344860303,8887.311639514695,8887.311639514695,88270100
2025-01-14,8794.9755859375,8979.646989316765,8794.9755859375,8864.227362204725,70942600
2025-01-15,9048.8984375,9048.8984375,8818.059191645409,8841.143116230867,77098000
2025-01-16,9002.73046875,9164.317938701923,9002.73046875,9095.066165865384,76979000
2025-01-17,9141.234375,9141.234375,8910.39512310606,9002.730823863636,71033100
2025-01-20,8887.3115234375,9118.150783786527,8887.3115234375,9095.066857751623,112111200
2025-01-21,8841.1435546875,8933.479257608518,8818.059628957246,8864.227480417754,124547900
2025-01-22,8864.2275390625,8933.479316711426,8841.143613179524,8910.39539082845,90154800
2025-01-23,8864.2275390625,9002.731094360352,8864.2275390625,8864.2275390625,120515400
2025-01-24,8633.3876953125,8910.394787140709,8633.3876953125,8887.31086282169,152057000
2025-01-30,8448.716796875,8564.136425247609,8448.716796875,8448.716796875,154645800
2025-01-31,8725.724609375,8771.892464451059,8517.969261532739,8541.053189070768,112982800
2025-02-03,8633.3876953125,8679.555543950535,8517.968073717413,8679.555543950535,90439900
2025-02-04,8471.7998046875,8679.555113249318,8471.7998046875,8633.387266902248,94607700
2025-02-05,8425.6328125,8471.800663527398,8402.548886986302,8402.548886986302,98229900
2025-02-06,8264.044921875,8402.548468051677,8171.709224423882,8379.464543688897,171477800
2025-02-07,8633.3876953125,8633.3876953125,8148.625284613135,8264.044906208223,131162200
2025-02-10,8448.716796875,8541.052499573087,8333.297168502391,8333.297168502391,76209100
2025-02-11,8379.4658203125,8402.549748192148,8310.214036673553,8333.297964553203,71188300
2025-02-12,8448.716796875,8448.716796875,8264.045391478825,8264.045391478825,121172600
2025-02-13,8310.2138671875,8448.717431640625,8310.2138671875,8402.549576822916,90439700
2025-02-14,8287.12890625,8379.464604369778,8264.044981720055,8310.212830779943,116274500
2025-02-17,8610.3037109375,8610.3037109375,8287.12877272537,8287.12877272537,89096400
2025-02-18,8587.2197265625,8841.142890519994,8541.051878570228,8610.303650558635,107318300
2025-02-19,8264.044921875,8541.052014228351,8264.044921875,8517.968089865572,154438200
2025-02-20,8310.2138671875,8333.297794596354,8264.046012369792,8287.129939778646,119260800
2025-02-21,8310.2138671875,8310.2138671875,8240.962084960936,8264.046012369792,106054700
2025-02-24,8240.9619140625,8287.129767922794,8194.794060202206,8240.9619140625,108530300
2025-02-25,8148.6259765625,8310.213460516998,8148.6259765625,8217.877755400143,101592700
2025-02-26,8102.45751953125,8217.877142316596,8056.289670417112,8125.541444088319,117843500
2025-02-27,7871.6181640625,8125.541330645161,7848.534239827713,8125.541330645161,199991600
2025-02-28,7779.283203125,8010.122467312685,7779.283203125,7871.618908800075,293095000
2025-03-03,8125.5419921875,8217.877696644176,7894.70273104581,7940.870583274148,192944300
2025-03-04,8171.71044921875,8240.962232686707,8010.122954460187,8217.878304864054,125418500
2025-03-05,8310.2138671875,8471.80135904948,8148.626375325521,8148.626375325521,155207900
2025-03-06,8287.12890625,8494.884227019498,8287.12890625,8494.884227019498,96270100
2025-03-07,8240.9619140625,8310.21369485294,8240.9619140625,8310.21369485294,82295300
2025-03-10,8240.9619140625,8287.129767922794,8056.290498621323,8079.37442555147,97652100
2025-03-11,8240.9619140625,8356.381548713236,8194.794060202206,8264.045840992647,109295600
2025-03-12,8425.6328125,8425.6328125,8287.129259417808,8333.297110445206,87968900
2025-03-13,8287.12890625,8471.800302489553,8287.12890625,8448.71637795961,83030700
2025-03-14,8079.3740234375,8240.96150390625,8079.3740234375,8125.541875,111397800
2025-03-17,7940.8701171875,8102.457590502362,7894.7022676689685,8079.373665743096,151365700
2025-03-18,7663.86279296875,7894.702033720821,7456.107476291887,7848.534185570407,417305700
2025-03-19,7686.94677734375,7756.198550112613,7594.6110803186,7663.862853087463,214108200
2025-03-20,7733.115234375,7825.450938666045,7710.031308302238,7802.367012593283,152917300
2025-03-21,7518.966796875,7875.879777739319,7518.966796875,7875.879777739319,377916400
2025-03-24,7566.5556640625,7709.3208652712265,7257.231061443593,7447.584663055228,331836800
2025-03-25,7661.732421875,7756.909222146739,7614.14402173913,7685.526621942934,136341700
2025-03-26,8113.82177734375,8232.792771146444,7875.879789738362,7899.6739884989,283104600
2025-03-27,8090.02734375,8161.409937959558,7971.056353400735,8018.644749540441,122943900
2025-04-08,7399.99560546875,7614.143388263666,6924.111643702271,7043.0826341438915,533073600
2025-04-09,7542.76123046875,7566.555429933951,7304.819235816739,7328.61343528194,136753900
2025-04-10,7828.29150390625,8232.792888606573,7780.703105706212,8090.02769400646,144148600
2025-04-11,7875.8798828125,7923.46828089596,7661.732091436934,7804.497285687311,82603000
2025-04-14,7994.85107421875,7994.85107421875,7852.085876464844,7852.085876464844,83319300
2025-04-15,8161.41064453125,8185.204844661078,8042.439643882106,8161.41064453125,83431800
2025-04-16,8066.2333984375,8137.615994883849,8018.6450008066,8090.02759725295,76874900
2025-04-17,8090.02734375,8090.027343749999,7947.262155330882,8042.438947610293,83540600
2025-04-21,7899.673828125,8090.02741434488,7899.673828125,8090.02741434488,40683800
2025-04-22,8090.02734375,8090.027343749999,7923.467957261029,7923.467957261029,56537100
2025-04-23,8304.17578125,8304.17578125,8137.616381626074,8137.616381626074,92329600
2025-04-24,8066.2333984375,8423.146380669248,8066.2333984375,8423.146380669248,143675300
2025-04-25,8185.20458984375,8232.792988621912,8161.41039045467,8232.792988621912,58297000
2025-04-28,8351.763671875,8351.763671875,8232.792679398148,8327.96947337963,73235400
2025-04-29,8304.17578125,8399.3525810351,8280.381581303725,8375.558381088826,60315700
2025-04-30,8399.3525390625,8494.52933837199,8256.587340098265,8375.558339235127,164597500
2025-05-02,8542.1171875,8565.911385793872,8423.14619603064,8565.911385793872,92219000
2025-05-05,8542.1171875,8613.499782381616,8542.1171875,8565.911385793872,86385600
2025-05-06,8589.7060546875,8613.500254284972,8542.117655492555,8613.500254284972,48860500
2025-05-07,8637.294921875,8661.089122761708,8565.912319214876,8637.294921875,77382000
2025-05-08,8542.1171875,8756.264972144847,8494.528790912256,8637.293980675488,99614500
2025-05-09,8565.912109375,8613.500509982638,8542.11790907118,8613.500509982638,47167500
2025-05-14,8827.6484375,8851.44263814016,8708.677434299192,8803.85423685984,149002900
2025-05-15,8827.6484375,8946.619440700808,8803.85423685984,8827.6484375,101401300
2025-05-16,8851.44140625,8875.235603578629,8780.058814264114,8851.44140625,63007500
2025-05-19,9041.794921875,9041.794921875,8803.85295024671,8827.64714740954,111597200
2025-05-20,9018.001953125,9208.35555635719,9018.001953125,9041.796153529023,160614800
2025-05-21,9232.1494140625,9255.943613583278,9089.384216937822,9232.1494140625,169739200
2025-05-22,9184.5615234375,9327.326728465026,9184.5615234375,9327.326728465026,103113000
2025-05-23,9208.35546875,9232.149668927648,9160.767068394702,9208.35546875,48521800
2025-05-26,9160.7666015625,9184.560800527597,9041.795606737012,9136.972402597403,56625300
2025-05-27,8994.2080078125,9136.973214285714,8994.2080078125,9089.384812127977,93212000
2025-05-28,8946.619140625,9089.384339677526,8946.619140625,8994.207540309175,236950800
2025-06-02,8661.087890625,8732.470483130151,8589.705298119849,8589.705298119849,264428700
2025-06-03,8613.5009765625,8684.883581340642,8518.324170191643,8613.5009765625,128318100
2025-06-04,8542.1171875,8684.882377263231,8518.322989206128,8661.08817896936,93357200
2025-06-05,8494.529296875,8613.500295430673,8470.735097163866,8565.911896008403,95529000
2025-06-10,8661.087890625,8661.087890625,8518.322705614697,8542.116903116415,80406400
2025-06-11,8613.5009765625,8684.883581340642,8613.5009765625,8661.089379747928,56632600
2025-06-12,8684.8828125,8684.8828125,8565.911815068494,8565.911815068494,41337300
2025-06-13,8589.7060546875,8684.88285307739,8542.117655492555,8661.088653479917,83318000
2025-06-16,8494.529296875,8565.911896008403,8470.735097163866,8494.529296875,57825000
2025-06-17,8637.294921875,8661.089122761708,8542.118118328168,8542.118118328168,54927900
2025-06-18,8470.734375,8589.70536341292,8470.734375,8518.322770365168,86270200
2025-06-19,8351.763671875,8494.528862847223,8327.96947337963,8470.734664351852,78879500
2025-06-20,8280.380859375,8446.940244477371,8208.9982657597,8280.380859375,445915100
2025-06-23,8208.9990234375,8280.381623641304,8090.028023097826,8161.41062330163,87324500
2025-06-24,8351.763671875,8423.146267361111,8280.381076388889,8304.17527488426,110158900
2025-06-25,8185.20458984375,8351.763985567315,8066.233592898347,8304.175586789153,117561000
2025-06-26,8232.79296875,8232.79296875,8113.821972091762,8113.821972091762,117281700
2025-06-30,8256.5869140625,8399.352105660122,8137.615921064482,8161.410119664085,185441800
2025-07-01,8280.380859375,8351.763452990303,8185.204067887931,8327.969255118534,82364500
2025-07-02,8256.5869140625,8256.5869140625,8161.410119664085,8161.410119664085,68545100
2025-07-03,8185.20458984375,8327.969786178235,8185.20458984375,8280.381387400073,50370800
2025-07-04,8232.79296875,8280.381367413294,8137.61617142341,8232.79296875,43593300
2025-07-07,8208.9990234375,8232.793223505434,8137.616423233695,8208.9990234375,49936900
2025-07-08,8090.02734375,8185.2041360294115,8018.644749540441,8137.615739889706,215611000
2025-07-09,8090.02734375,8137.615739889706,8042.438947610293,8090.027343749999,94459300
2025-07-10,8185.20458984375,8232.792988621912,8090.0277922874275,8113.821991676508,111769400
2025-07-11,8208.9990234375,8256.58742357337,8161.41062330163,8161.41062330163,135986500
2025-07-14,8113.82177734375,8256.586969906983,8042.439181062134,8232.792771146444,125196000
2025-07-15,8137.6162109375,8185.2046098318715,8066.233612595944,8185.2046098318715,77219300
2025-07-16,8113.82177734375,8185.204373625366,8090.027578583211,8137.615976104289,97475300
2025-07-17,8113.82177734375,8137.615976104289,8090.027578583211,8090.027578583211,86016400
2025-07-18,8018.6455078125,8161.410709732011,8018.6455078125,8137.6165094120925,80432200
2025-07-21,8042.43994140625,8090.028343426405,7971.057338376017,8042.43994140625,95383500
2025-07-22,7994.85107421875,8066.233673095703,7994.85107421875,8042.439473470052,77981700
2025-07-23,8018.6455078125,8090.028108772256,7994.851307492582,8042.439708132419,70969500
2025-07-24,8090.02734375,8137.615739889706,8042.438947610293,8066.233145680147,138256800
2025-07-25,8042.43994140625,8113.8225444364825,8042.43994140625,8090.028343426405,58682800
2025-07-28,8090.02734375,8208.998334099264,8066.233145680147,8208.998334099264,99484300
2025-07-29,7994.85107421875,8090.0278727213545,7971.056874593099,8090.0278727213545,104240300
2025-07-30,7971.05712890625,8066.233930445429,7923.4687281366605,8066.233930445429,98098100
2025-07-31,7875.8798828125,7971.056678979418,7852.085683770771,7947.262479937689,206006300
2025-08-01,7899.673828125,8018.644819512425,7899.673828125,7994.85062123494,86196100
2025-08-04,7875.8798828125,7947.262479937689,7875.8798828125,7923.46828089596,49054500
2025-08-05,8018.6455078125,8042.439708132419,7923.468706532827,7947.262906852745,69475900
2025-08-06,7899.673828125,8018.644819512425,7899.673828125,8018.644819512425,56325400
2025-08-07,7899.673828125,7947.26222467997,7899.673828125,7923.4680264024855,43621300
2025-08-08,7899.673828125,7994.85062123494,7899.673828125,7923.4680264024855,68378700
2025-08-11,8137.6162109375,8137.6162109375,8018.645213701572,8090.027812043129,128561300
2025-08-12,8423.1474609375,8446.941662804555,8161.411240399894,8208.999644134004,171015700
2025-08-13,8494.529296875,8542.11769629727,8304.175699185924,8542.11769629727,129083900
2025-08-14,8351.763671875,8518.323061342593,8327.96947337963,8494.528862847223,122930900
2025-08-15,8280.380859375,8423.146046605603,8280.380859375,8399.351848733837,68754200
2025-08-19,8090.02734375,8185.2041360294115,8042.438947610293,8185.2041360294115,128591700
2025-08-20,8113.82177734375,8185.204373625366,7947.262386019978,7971.056584780517,202260200
2025-08-21,8137.6162109375,8161.410410384686,8090.027812043129,8137.6162109375,69470200
2025-08-22,8042.43994140625,8161.410946456638,8042.43994140625,8161.410946456638,66394100
2025-08-25,8066.2333984375,8137.615994883849,8066.2333984375,8113.8217960684,64052700
2025-08-26,7852.08544921875,8066.233234197443,7852.08544921875,8042.439035866478,326794200
2025-08-27,7899.673828125,7947.26222467997,7804.497035015061,7852.08543157003,111915700
2025-08-28,7923.46826171875,7971.056659687031,7875.87986375047,7947.262460702891,81281400
2025-08-29,7685.5263671875,7875.879961421247,7685.5263671875,7852.085762142028,236499300
2025-09-01,7614.1435546875,7661.731951904297,7233.436376953125,7281.024774169921,421127500
2025-09-02,7614.1435546875,7780.702944946289,7614.1435546875,7614.1435546875,155531500
2025-09-03,7590.349609375,7614.1438087774295,7518.9670111677115,7518.9670111677115,212372700
2025-09-04,7614.1435546875,7614.1435546875,7542.7609588623045,7590.349356079101,103534800
2025-09-08,7328.61328125,7637.937867796266,7328.61328125,7637.937867796266,321191900
2025-09-09,7162.05419921875,7352.407799197987,7114.465799223942,7257.230999208368,595368700
2025-09-10,7423.7900390625,7423.7900390625,7185.84805063101,7185.84805063101,246849600
2025-09-11,7471.37890625,7590.349907941879,7471.37890625,7518.967306926751,235173400
2025-09-12,7542.76123046875,7590.349629399152,7471.378632073147,7590.349629399152,156084700
2025-09-15,7637.93798828125,7709.32058630257,7590.34958960037,7614.14378894081,142567700
2025-09-16,7542.76123046875,7685.526427259957,7518.967031003549,7661.732227794756,129312900
2025-09-17,7471.37890625,7518.967306926751,7423.790505573248,7471.37890625,183725900
2025-09-18,7328.61328125,7518.966872970779,7281.024883319805,7471.378475040584,275378700
2025-09-19,7423.7900390625,7447.584237905649,7281.024846003606,7281.024846003606,149025300
2025-09-22,7352.40771484375,7447.584513741404,7352.40771484375,7423.79031401699,92588800
2025-09-23,7495.1728515625,7518.96705109127,7376.201853918651,7376.201853918651,102606200
2025-09-24,7399.99560546875,7566.554992087018,7352.407209292102,7566.554992087018,150428400
2025-09-25,7328.61328125,7399.9958781452915,7328.61328125,7352.407480215097,147986600
2025-09-26,7257.23095703125,7328.613556608607,7209.642557313013,7209.642557313013,121657700
2025-09-29,7399.99560546875,7423.789803557074,7328.613011203778,7376.201407380427,116454700
2025-09-30,7257.23095703125,7399.996156185964,7257.23095703125,7328.613556608607,170666700
2025-10-01,7138.259765625,7304.81916015625,7138.259765625,7233.4365625,202433400
2025-10-02,7138.259765625,7233.4365625,7138.259765625,7138.259765625,126952400
2025-10-03,7162.05419921875,7185.848399216155,7138.259999221345,7162.05419921875,76787500
2025-10-06,7138.259765625,7185.8481640625005,7090.6713671875,7138.259765625,104032400
2025-10-07,7209.64208984375,7233.436288160066,7138.259494894802,7185.847891527434,74282600
2025-10-08,7019.28857421875,7162.053765558792,7019.28857421875,7138.259567002118,168080800
2025-10-09,7185.8486328125,7328.613837437914,6947.906625103477,7019.289227416184,293567400
2025-10-10,7043.0830078125,7090.671406513936,6995.494609111064,7090.671406513936,107426000
2025-10-13,6971.70068359375,7019.289084164356,6947.906483308448,6947.906483308448,101847900
2025-10-14,6900.31787109375,6995.494669315733,6900.31787109375,6924.112070649246,151862300
2025-10-15,6900.31787109375,6995.494669315733,6876.523671538254,6900.31787109375,133206400
2025-10-16,6947.90625,6971.700449486301,6876.523651541096,6900.317851027397,120611200
2025-10-17,7138.259765625,7162.05396484375,6924.11197265625,6947.906171875,157334400
2025-10-20,7495.1728515625,7614.143849206349,7257.230856274801,7328.613454861111,393421800
2025-10-21,8066.2333984375,8066.2333984375,7709.320416205752,7709.320416205752,529802600
2025-10-22,7804.4970703125,8280.381038014482,7804.4970703125,8280.381038014482,392957200
2025-10-23,7923.46826171875,7947.262460702891,7756.908868829768,7804.497266798048,187003900
2025-10-24,7875.8798828125,7971.056678979418,7875.8798828125,7899.674081854229,133355100
2025-10-27,7947.2626953125,8018.645294372193,7804.497497193114,7923.468495625935,182275600
2025-10-28,7875.8798828125,7994.850878021149,7852.085683770771,7947.262479937689,180270000
2025-10-29,8185.20458984375,8185.20458984375,7875.879997785702,7899.674197174782,239156800
2025-10-30,8113.82177734375,8327.9695661886,8066.233379822673,8161.410174864828,259009800
2025-10-31,8113.82177734375,8232.792771146444,8113.82177734375,8137.615976104289,177088000
2025-11-03,8232.79296875,8232.79296875,8113.821972091762,8232.79296875,115007100
2025-11-04,8232.79296875,8280.381367413294,8208.998769418353,8232.79296875,155231500
2025-11-05,8280.380859375,8280.380859375,8185.204067887931,8208.9982657597,125731500
2025-11-06,8137.6162109375,8256.587208173429,8137.6162109375,8208.998809279057,89756900
2025-11-07,8256.5869140625,8256.5869140625,8137.615921064482,8137.615921064482,75241900
2025-11-10,8161.41064453125,8256.587445050565,8161.41064453125,8256.587445050565,79897700
2025-11-11,7994.85107421875,8185.204671223958,7994.85107421875,8161.410471598308,130897600
2025-11-12,8090.02734375,8137.615739889706,7994.850551470588,8018.644749540441,85415600
2025-11-13,7971.05712890625,8066.233930445429,7971.05712890625,7994.851329291045,104113800
2025-11-14,8018.6455078125,8090.028108772256,7971.057107172664,7971.057107172664,89815300
2025-11-17,8161.41064453125,8161.41064453125,8066.233844011935,8090.0280441417635,129411100
2025-11-18,7994.85107421875,8161.410471598308,7994.85107421875,8137.616271972656,119377900
2025-11-19,8066.2333984375,8090.02759725295,7923.468205544801,7947.262404360251,114209700
2025-11-20,8018.6455078125,8185.204910051929,7994.851307492582,8066.233908452337,124087400
2025-11-21,7994.85107421875,8018.645273844401,7947.262674967448,7971.056874593099,103917100
2025-11-24,8066.2333984375,8066.2333984375,7947.262404360251,7994.850801991151,279590600
2025-11-25,8090.02734375,8090.027343749999,7971.056353400735,8066.233145680147,98807700
2025-11-26,8018.6455078125,8042.439708132419,7971.057107172664,7994.851307492582,77094400
2025-11-27,7923.46826171875,8042.439256639453,7923.46826171875,8018.645057655312,71051300
2025-11-28,7875.8798828125,7947.262479937689,7875.8798828125,7923.46828089596,67559300
2025-12-01,7994.85107421875,8042.439473470052,7947.262674967448,8042.439473470052,76359200
2025-12-02,7971.05712890625,8018.6455296758395,7947.262928521455,7947.262928521455,97044000
2025-12-03,7951.8955078125,8047.701477786145,7951.8955078125,7999.798492799322,103550900
2025-12-04,7880.04150390625,7999.798973570479,7880.04150390625,7975.847479637633,71410400
2025-12-05,7951.8955078125,7951.8955078125,7856.089537838855,7856.089537838855,71162300
2025-12-08,7951.8955078125,7999.798492799322,7903.992522825678,7999.798492799322,61745200
2025-12-09,7760.28369140625,7951.895634403935,7760.28369140625,7951.895634403935,113057200
2025-12-10,7736.33251953125,7832.138495005321,7688.429531794214,7760.284013399768,143418300
2025-12-11,7664.47802734375,7856.089978027344,7568.6720520019535,7832.138484191895,140766000
2025-12-12,7664.47802734375,7664.47802734375,7520.769064331055,7568.6720520019535,100006800
2025-12-15,7951.8955078125,7951.8955078125,7592.623120411333,7592.623120411333,143105700
2025-12-16,7736.33251953125,8023.750445953463,7688.429531794214,8023.750445953463,122332000
2025-12-17,7688.42919921875,7784.235170548579,7640.526213553836,7664.477706386293,89802700
2025-12-18,7832.13818359375,7903.992662342316,7688.429226096617,7688.429226096617,88497200
2025-12-19,7712.380859375,7880.041312839674,7712.380859375,7856.089819487577,131069800
2025-12-22,7832.13818359375,7832.13818359375,7688.429226096617,7712.3807190128055,72424200
2025-12-23,7688.42919921875,7784.235170548579,7640.526213553836,7760.283677716122,85044100
2025-12-24,7688.42919921875,7736.332184883665,7664.477706386293,7688.42919921875,71260500
2025-12-29,7688.42919921875,7688.42919921875,7616.574720721379,7688.42919921875,78399400
2025-12-30,7736.33251953125,7832.138495005321,7616.5750501886605,7616.5750501886605,101995600
2026-01-02,7688.42919921875,7736.332184883665,7664.477706386293,7736.332184883665,68612400
2026-01-05,7736.33251953125,7760.284013399768,7664.478037925696,7664.478037925696,73408800
2026-01-06,7832.13818359375,7832.13818359375,7736.332211928995,7832.13818359375,97624300
2026-01-07,7808.18701171875,7832.138505619728,7688.429542213861,7784.235517817772,93152500
2026-01-08,7712.380859375,7808.186832783385,7712.380859375,7760.283846079193,79823700
2026-01-09,7784.2353515625,7832.138338341346,7712.380871394231,7784.2353515625,79484700
2026-01-12,7688.42919921875,7760.283677716122,7664.477706386293,7736.332184883665,82935700
2026-01-13,7736.33251953125,7736.33251953125,7664.478037925696,7688.429531794214,80536300
2026-01-14,7664.47802734375,7712.381015014649,7616.575039672852,7688.4295211792,105724300
2026-01-15,7736.33251953125,7832.138495005321,7640.526544057178,7664.478037925696,151753100
2026-01-19,7784.2353515625,7784.2353515625,7640.526391225962,7736.332364783653,172100000
2026-01-20,7664.47802734375,7784.235496520996,7664.47802734375,7712.381015014649,82672500
2026-01-21,7377.06005859375,7616.574995561079,7377.06005859375,7592.6235018643465,301825600
2026-01-22,7329.15673828125,7448.914201325061,7281.2537530637255,7377.0597234987745,268025900
2026-01-23,7329.15673828125,7353.108230890012,7233.350767846201,7281.2537530637255,202878600
2026-01-26,7329.15673828125,7353.108230890012,7209.399275237439,7233.350767846201,213044100
2026-01-27,7185.44775390625,7305.205216471354,7185.44775390625,7257.302231445313,259830900
2026-01-28,6730.36962890625,7089.642029025801,6634.5636555410365,6754.321122247554,1027287500
2026-01-29,6898.0302734375,6969.884755452474,6107.630971272786,6395.048899332683,1432993400
2026-01-30,7089.64208984375,7281.254038217905,6898.030141469595,6898.030141469595,528434900
2026-02-02,7281.25390625,7281.25390625,7017.787482010691,7281.25390625,326948700
2026-02-03,7329.15673828125,7329.15673828125,7065.6903195848645,7281.2537530637255,206015400
2026-02-04,7472.86572265625,7496.817215357071,7281.25378104968,7329.156766451322,193370800
2026-02-05,7472.86572265625,7592.623186160356,7472.86572265625,7472.86572265625,142332400
2026-02-06,7353.1083984375,7448.914371055578,7281.253918973941,7377.059891592019,176352600
2026-02-09,7185.44775390625,7401.011186523438,7137.544768880209,7353.108201497396,174758300
2026-02-10,7161.49658203125,7233.351062787417,7137.545088445861,7185.4480756166395,127704200
2026-02-11,7137.544921875,7209.3994009542785,7089.641935822147,7161.496414901426,213505000
2026-02-12,7017.78759765625,7161.496558700405,6993.836104148891,7137.545065193046,237465300
2026-02-13,6898.0302734375,7017.787743462457,6898.0302734375,7017.787743462457,356015300
2026-02-18,6969.884765625,7065.690741784794,6921.981777545103,6921.981777545103,125301200
2026-02-19,6874.07861328125,7017.787573837652,6874.07861328125,7017.787573837652,133463400
2026-02-20,6921.9814453125,6945.932938202855,6850.126966641436,6874.078459531791,122959500
2026-02-23,6993.8359375,7041.738923373288,6969.884444563357,6993.8359375,100443800
2026-02-24,6921.9814453125,7017.787416873919,6921.9814453125,6969.88443109321,159225400
2026-02-25,7017.78759765625,7065.690584670968,6945.933117134172,6969.884610641531,133278000
2026-02-26,6993.8359375,7065.690416309932,6898.029965753425,7041.738923373288,127811900
2026-02-27,6874.07861328125,6969.884586985518,6874.07861328125,6898.030106707317,193104700
2026-03-02,6730.36962890625,6850.127095612767,6682.466642223643,6778.272615588857,156182700
2026-03-03,6778.2724609375,6826.175446527164,6730.369475347836,6778.2724609375,103031100
2026-03-04,6586.66064453125,6778.272590553977,6538.757658025568,6778.272590553977,216518700
2026-03-05,6802.22412109375,6826.175614477883,6658.515160788952,6682.466654173085,110256300
2026-03-06,6706.41796875,6802.223939732143,6706.41796875,6778.272446986607,102725700
2026-03-09,6586.66064453125,6658.515124289773,6538.757658025568,6610.612137784091,150426400
2026-03-10,6682.466796875,6754.321278561828,6634.563809083781,6658.515302979391,129977900
2026-03-11,6538.7578125,6706.4182692307695,6538.7578125,6682.466775412088,91723400
2026-03-12,6610.6123046875,6730.369773975317,6538.75782311481,6538.75782311481,98787400
2026-03-13,6586.66064453125,6730.3696040482955,6562.709151278409,6562.709151278409,107940600
2026-03-16,6466.9033203125,6586.660789207176,6419.000332754629,6562.709295428241,127757500
2026-03-17,6490.8544921875,6538.757477369696,6466.902999596402,6466.902999596402,160903900
2026-03-25,6610.6123046875,6634.563798545063,6395.048859969429,6395.048859969429,314281100
2026-03-26,6586.66064453125,6682.466617542614,6562.709151278409,6610.612137784091,145934900
2026-03-27,6419.0,6562.70895522388,6419.0,6490.85447761194,283556500
2026-03-30,6450.0,6500.0,6350.0,6400.0,242278100
